,B,C,E,high,input,low,nthreads,st,pkg0,pkg1,pp00,pp01,dram0,dram1,time
1,-1,1,-1,2300000,bfs-randLocalGraph_-j_-d_3_-m_50000000_10000000,1500000,24,18 4,50.743118,49.601364,28.630417,27.873199,8.674591,6.913239,1.509013
2,1,-1,1,2300000,bfs-randLocalGraph_-j_-d_3_-m_50000000_10000000,1500000,24,4 18,59.385864,56.138733,42.197708,39.162735,7.184158,6.486969,1.163156
3,1,1,1,2300000,bfs-randLocalGraph_-j_-d_3_-m_50000000_10000000,1500000,24,0 127,60.191162,58.208939,42.479309,40.607742,7.035385,6.900238,1.203793
4,-1,1,1,2300000,bfs-randLocalGraph_-j_-d_3_-m_50000000_10000000,1500000,24,2 20,59.455444,58.179733,42.291367,41.223297,7.196564,6.551971,1.161693
5,-1,-1,-1,2300000,bfs-randLocalGraph_-j_-d_3_-m_50000000_10000000,1500000,24,127 0,51.034393,49.830353,28.687225,27.794235,8.431488,7.196274,1.527777
6,1,1,-1,2300000,bfs-randLocalGraph_-j_-d_3_-m_50000000_10000000,1500000,24,16 6,50.364456,49.357224,28.360733,27.522568,7.967163,7.560867,1.509128
7,-1,-1,1,2300000,bfs-randLocalGraph_-j_-d_3_-m_50000000_10000000,1500000,24,6 16,58.242538,54.775818,41.296112,38.206238,7.406815,5.918655,1.141742
8,1,-1,-1,2300000,bfs-randLocalGraph_-j_-d_3_-m_50000000_10000000,1500000,24,20 2,50.715317,51.024338,28.37619,28.942459,8.358856,7.517685,1.528245
9,-1,-1,1,2300000,bfs-randLocalGraph_-j_-d_3_-m_50000000_10000000,1500000,24,6 16,61.241669,57.295013,43.305511,39.688904,7.582169,6.339264,1.212513
10,1,1,-1,2300000,bfs-randLocalGraph_-j_-d_3_-m_50000000_10000000,1500000,24,16 6,50.993561,50.242432,28.663437,28.165497,8.231339,7.461899,1.528573
11,-1,-1,-1,2300000,bfs-randLocalGraph_-j_-d_3_-m_50000000_10000000,1500000,24,127 0,52.394699,51.220047,29.074097,28.376709,9.110184,6.890457,1.590166
12,1,1,1,2300000,bfs-randLocalGraph_-j_-d_3_-m_50000000_10000000,1500000,24,0 127,58.696136,55.138977,41.626266,38.362762,7.251221,6.149582,1.153312
13,-1,1,-1,2300000,bfs-randLocalGraph_-j_-d_3_-m_50000000_10000000,1500000,24,18 4,50.957245,49.880905,28.759644,28.002701,8.525665,7.149185,1.517306
14,-1,1,1,2300000,bfs-randLocalGraph_-j_-d_3_-m_50000000_10000000,1500000,24,2 20,61.799637,58.257324,43.994904,40.788696,7.725388,6.307007,1.202358
15,1,-1,1,2300000,bfs-randLocalGraph_-j_-d_3_-m_50000000_10000000,1500000,24,4 18,59.223648,54.96254,42.133408,37.909561,6.593719,6.960922,1.163783
16,1,-1,-1,2300000,bfs-randLocalGraph_-j_-d_3_-m_50000000_10000000,1500000,24,20 2,51.06015,50.039978,28.675125,28.021011,8.793808,7.046158,1.527794
17,1,1,1,2300000,bfs-randLocalGraph_-j_-d_3_-m_50000000_10000000,1500000,24,0 127,62.724747,58.888351,44.189682,40.698944,7.862442,6.358246,1.253291
18,-1,1,-1,2300000,bfs-randLocalGraph_-j_-d_3_-m_50000000_10000000,1500000,24,18 4,51.795822,50.814194,29.000336,28.316559,8.641418,7.402206,1.559658
19,1,1,-1,2300000,bfs-randLocalGraph_-j_-d_3_-m_50000000_10000000,1500000,24,16 6,52.502243,51.622559,29.296448,29.027954,9.595917,6.417618,1.578163
20,-1,-1,1,2300000,bfs-randLocalGraph_-j_-d_3_-m_50000000_10000000,1500000,24,6 16,59.301849,56.403366,41.71199,39.303528,7.827896,5.59549,1.182303
21,1,-1,1,2300000,bfs-randLocalGraph_-j_-d_3_-m_50000000_10000000,1500000,24,4 18,59.784027,56.181519,42.255173,38.736099,6.856979,6.798019,1.193005
22,-1,-1,-1,2300000,bfs-randLocalGraph_-j_-d_3_-m_50000000_10000000,1500000,24,127 0,50.766434,49.905243,28.495163,28.027618,8.773651,6.980133,1.519096
23,1,-1,-1,2300000,bfs-randLocalGraph_-j_-d_3_-m_50000000_10000000,1500000,24,20 2,50.535858,49.095444,28.260544,27.299622,8.763504,6.684219,1.517642
24,-1,1,1,2300000,bfs-randLocalGraph_-j_-d_3_-m_50000000_10000000,1500000,24,2 20,59.784943,55.811279,42.434326,38.735916,7.218964,6.274429,1.173697
25,1,-1,-1,2300000,bfs-randLocalGraph_-j_-d_3_-m_50000000_10000000,1500000,24,20 2,50.277618,49.159088,28.183365,27.449112,8.600174,6.879166,1.507327
26,-1,1,-1,2300000,bfs-randLocalGraph_-j_-d_3_-m_50000000_10000000,1500000,24,18 4,52.768387,52.498688,29.28476,29.242004,8.511093,7.873993,1.61021
27,1,-1,1,2300000,bfs-randLocalGraph_-j_-d_3_-m_50000000_10000000,1500000,24,4 18,59.494919,57.853821,41.977585,40.398422,6.772308,6.960968,1.192226
28,1,1,-1,2300000,bfs-randLocalGraph_-j_-d_3_-m_50000000_10000000,1500000,24,16 6,51.901108,50.840149,29.229599,28.567795,8.879196,7.130112,1.547429
29,1,1,1,2300000,bfs-randLocalGraph_-j_-d_3_-m_50000000_10000000,1500000,24,0 127,60.060928,55.867859,42.383301,38.563766,7.568451,5.99118,1.193848
30,-1,1,1,2300000,bfs-randLocalGraph_-j_-d_3_-m_50000000_10000000,1500000,24,2 20,56.952011,55.330856,40.435776,38.893417,6.573395,6.668732,1.121667
31,-1,-1,-1,2300000,bfs-randLocalGraph_-j_-d_3_-m_50000000_10000000,1500000,24,127 0,49.062744,49.190063,27.516159,27.747742,7.706757,7.87114,1.478647
32,-1,-1,1,2300000,bfs-randLocalGraph_-j_-d_3_-m_50000000_10000000,1500000,24,6 16,57.291931,55.633377,40.220016,38.864929,7.230026,6.087646,1.153204
33,1,-1,-1,2300000,bfs-randLocalGraph_-j_-d_3_-m_50000000_10000000,1500000,24,20 2,81.124802,76.711975,40.79631,37.183594,12.413269,9.441528,2.786455
34,-1,-1,-1,2300000,bfs-randLocalGraph_-j_-d_3_-m_50000000_10000000,1500000,24,127 0,50.305389,49.393173,28.221436,27.640854,8.501907,7.063721,1.509266
35,1,-1,1,2300000,bfs-randLocalGraph_-j_-d_3_-m_50000000_10000000,1500000,24,4 18,58.980774,56.88205,41.467041,39.731323,7.669708,6.04303,1.182199
36,1,1,1,2300000,bfs-randLocalGraph_-j_-d_3_-m_50000000_10000000,1500000,24,0 127,60.213821,56.326385,42.644669,38.944901,7.204895,6.487717,1.192304
37,-1,1,-1,2300000,bfs-randLocalGraph_-j_-d_3_-m_50000000_10000000,1500000,24,18 4,51.467758,50.326279,28.950073,28.18515,8.787613,7.082169,1.537519
38,1,1,-1,2300000,bfs-randLocalGraph_-j_-d_3_-m_50000000_10000000,1500000,24,16 6,51.716019,50.651459,28.998016,28.389755,8.926743,6.982559,1.549306
39,-1,1,1,2300000,bfs-randLocalGraph_-j_-d_3_-m_50000000_10000000,1500000,24,2 20,59.476044,55.311783,42.299988,38.349579,7.091904,6.308411,1.163614
40,-1,-1,1,2300000,bfs-randLocalGraph_-j_-d_3_-m_50000000_10000000,1500000,24,6 16,93.541077,83.66153,59.976471,50.512543,9.702652,9.899689,2.32288
41,1,-1,1,2300000,bfs-randLocalGraph_-j_-d_3_-m_50000000_10000000,1500000,24,4 18,59.211716,55.498413,42.093216,38.532532,6.972885,6.700317,1.161712
42,1,-1,-1,2300000,bfs-randLocalGraph_-j_-d_3_-m_50000000_10000000,1500000,24,20 2,51.523087,50.35939,28.944534,28.269073,9.002045,6.969467,1.537323
43,1,1,1,2300000,bfs-randLocalGraph_-j_-d_3_-m_50000000_10000000,1500000,24,0 127,60.527664,56.585663,43.028152,39.356583,7.315231,6.381302,1.183835
44,-1,1,-1,2300000,bfs-randLocalGraph_-j_-d_3_-m_50000000_10000000,1500000,24,18 4,51.84816,51.903763,28.836853,29.399933,9.11586,6.994919,1.567254
45,1,1,-1,2300000,bfs-randLocalGraph_-j_-d_3_-m_50000000_10000000,1500000,24,16 6,51.549347,50.690231,29.102859,28.481216,8.303772,7.571793,1.537539
46,-1,1,1,2300000,bfs-randLocalGraph_-j_-d_3_-m_50000000_10000000,1500000,24,2 20,58.525467,55.378769,41.650101,38.760162,7.141525,6.13121,1.141807
47,-1,-1,-1,2300000,bfs-randLocalGraph_-j_-d_3_-m_50000000_10000000,1500000,24,127 0,51.720825,50.713867,28.76767,28.124863,8.874054,7.212799,1.568488
48,-1,-1,1,2300000,bfs-randLocalGraph_-j_-d_3_-m_50000000_10000000,1500000,24,6 16,56.504898,54.977951,40.087158,38.738602,6.960434,6.362335,1.111464
49,1,-1,-1,2300000,bfs-randLocalGraph_-j_-d_3_-m_50000000_10000000,1500000,24,20 2,50.234436,50.972305,28.121506,28.94162,7.897202,8.024261,1.518778
50,1,1,1,2300000,bfs-randLocalGraph_-j_-d_3_-m_50000000_10000000,1500000,24,0 127,60.216476,56.9216,42.869522,39.860703,7.386032,6.348557,1.172561
51,1,-1,1,2300000,bfs-randLocalGraph_-j_-d_3_-m_50000000_10000000,1500000,24,4 18,61.108566,56.794449,43.355438,39.319794,7.333572,6.34462,1.202151
52,-1,-1,1,2300000,bfs-randLocalGraph_-j_-d_3_-m_50000000_10000000,1500000,24,6 16,60.8806,57.17778,42.989639,39.503723,7.377518,6.789093,1.212373
53,1,1,-1,2300000,bfs-randLocalGraph_-j_-d_3_-m_50000000_10000000,1500000,24,16 6,50.470779,49.404419,28.497345,27.858429,8.732513,6.779327,1.49701
54,-1,1,-1,2300000,bfs-randLocalGraph_-j_-d_3_-m_50000000_10000000,1500000,24,18 4,51.065231,50.06218,28.602539,27.86348,8.545883,7.473694,1.537468
55,-1,-1,-1,2300000,bfs-randLocalGraph_-j_-d_3_-m_50000000_10000000,1500000,24,127 0,50.102722,49.166534,28.0168,27.457748,8.675552,6.829514,1.507859
56,-1,1,1,2300000,bfs-randLocalGraph_-j_-d_3_-m_50000000_10000000,1500000,24,2 20,57.040039,55.258347,40.470108,38.829666,6.836838,6.363998,1.123026
57,1,-1,1,2300000,bfs-randLocalGraph_-j_-d_3_-m_50000000_10000000,1500000,24,4 18,60.791504,57.281982,43.028183,39.779144,7.389023,6.432861,1.202533
58,-1,-1,-1,2300000,bfs-randLocalGraph_-j_-d_3_-m_50000000_10000000,1500000,24,127 0,51.671539,50.598999,28.646805,28.067886,9.034698,6.866989,1.568264
59,-1,1,-1,2300000,bfs-randLocalGraph_-j_-d_3_-m_50000000_10000000,1500000,24,18 4,50.556885,49.12944,28.543518,27.628143,9.056931,6.554184,1.497259
60,1,1,-1,2300000,bfs-randLocalGraph_-j_-d_3_-m_50000000_10000000,1500000,24,16 6,49.399139,49.110886,27.888321,27.900055,8.321945,7.2034,1.468896
61,-1,1,1,2300000,bfs-randLocalGraph_-j_-d_3_-m_50000000_10000000,1500000,24,2 20,94.494141,84.512314,62.868759,53.250992,10.014938,8.968323,2.17919
62,1,1,1,2300000,bfs-randLocalGraph_-j_-d_3_-m_50000000_10000000,1500000,24,0 127,104.842239,101.277374,65.961441,63.183624,12.52417,9.353439,2.674326
63,1,-1,-1,2300000,bfs-randLocalGraph_-j_-d_3_-m_50000000_10000000,1500000,24,20 2,50.529068,49.597595,28.29776,27.655869,8.461273,7.382843,1.51961
64,-1,-1,1,2300000,bfs-randLocalGraph_-j_-d_3_-m_50000000_10000000,1500000,24,6 16,58.749207,56.804688,41.722321,39.727051,6.327576,7.336899,1.162133
65,1,1,-1,2300000,bfs-randLocalGraph_-j_-d_3_-m_50000000_10000000,1500000,24,16 6,53.240936,51.708374,30.072891,28.956741,9.141281,7.224014,1.579649
66,-1,-1,1,2300000,bfs-randLocalGraph_-j_-d_3_-m_50000000_10000000,1500000,24,6 16,61.97789,57.474304,43.807297,39.445206,7.171341,7.008362,1.234104
67,-1,1,-1,2300000,bfs-randLocalGraph_-j_-d_3_-m_50000000_10000000,1500000,24,18 4,51.187241,51.147812,28.853714,29.006134,8.284866,7.731964,1.52916
68,1,-1,1,2300000,bfs-randLocalGraph_-j_-d_3_-m_50000000_10000000,1500000,24,4 18,60.9039,57.211243,43.031631,39.513092,7.174072,6.669876,1.213017
69,1,-1,-1,2300000,bfs-randLocalGraph_-j_-d_3_-m_50000000_10000000,1500000,24,20 2,52.216553,50.909149,29.402603,28.414246,8.691101,7.365356,1.559498
70,-1,-1,-1,2300000,bfs-randLocalGraph_-j_-d_3_-m_50000000_10000000,1500000,24,127 0,52.137283,51.076019,29.111435,28.534424,9.125229,6.980133,1.568035
71,-1,1,1,2300000,bfs-randLocalGraph_-j_-d_3_-m_50000000_10000000,1500000,24,2 20,60.395309,59.042816,42.768646,41.685776,7.502914,6.469269,1.191848
72,1,1,1,2300000,bfs-randLocalGraph_-j_-d_3_-m_50000000_10000000,1500000,24,0 127,60.161407,56.291199,42.864868,39.158951,7.097488,6.690262,1.172701
73,-1,1,-1,2300000,bfs-randLocalGraph_-j_-d_3_-m_50000000_10000000,1500000,24,18 4,50.829788,49.778992,28.690094,27.890091,8.351105,7.450745,1.514282
74,1,-1,-1,2300000,bfs-randLocalGraph_-j_-d_3_-m_50000000_10000000,1500000,24,20 2,51.884277,50.665543,28.809891,28.193588,9.558487,6.505554,1.568118
75,1,-1,1,2300000,bfs-randLocalGraph_-j_-d_3_-m_50000000_10000000,1500000,24,4 18,62.485092,57.725342,44.013947,39.459579,7.517502,6.722366,1.254016
76,1,1,-1,2300000,bfs-randLocalGraph_-j_-d_3_-m_50000000_10000000,1500000,24,16 6,53.468216,51.919159,30.004272,29.271698,10.134384,5.832687,1.588363
77,-1,-1,1,2300000,bfs-randLocalGraph_-j_-d_3_-m_50000000_10000000,1500000,24,6 16,59.264526,57.934174,42.073822,40.685333,6.427139,7.292435,1.173154
78,-1,-1,-1,2300000,bfs-randLocalGraph_-j_-d_3_-m_50000000_10000000,1500000,24,127 0,50.249649,49.25174,28.138535,27.555984,8.669083,6.867325,1.507791
79,-1,1,1,2300000,bfs-randLocalGraph_-j_-d_3_-m_50000000_10000000,1500000,24,2 20,60.166992,57.031387,42.650208,39.875275,7.580673,6.016098,1.182562
80,1,1,1,2300000,bfs-randLocalGraph_-j_-d_3_-m_50000000_10000000,1500000,24,0 127,58.355453,54.997879,41.516174,38.295166,6.669556,6.545074,1.142813
81,1,1,1,2300000,bfs-randLocalGraph_-j_-d_3_-m_50000000_10000000,1500000,24,0 127,60.208313,57.946106,42.653,40.78006,7.693726,5.962036,1.182167
82,-1,-1,-1,2300000,bfs-randLocalGraph_-j_-d_3_-m_50000000_10000000,1500000,24,127 0,50.602936,50.587234,28.276886,28.508621,8.27533,7.60524,1.527458
83,-1,-1,1,2300000,bfs-randLocalGraph_-j_-d_3_-m_50000000_10000000,1500000,24,6 16,58.526855,57.116013,41.310989,40.220764,7.435898,6.211197,1.162804
84,1,1,-1,2300000,bfs-randLocalGraph_-j_-d_3_-m_50000000_10000000,1500000,24,16 6,50.332916,49.39183,28.285828,27.648941,8.285477,7.240906,1.507196
85,-1,1,-1,2300000,bfs-randLocalGraph_-j_-d_3_-m_50000000_10000000,1500000,24,18 4,50.155792,50.567322,28.311447,28.884323,8.022018,7.69574,1.496421
86,-1,1,1,2300000,bfs-randLocalGraph_-j_-d_3_-m_50000000_10000000,1500000,24,2 20,61.390045,57.592163,43.644363,40.060379,7.348816,6.565369,1.203048
87,1,-1,-1,2300000,bfs-randLocalGraph_-j_-d_3_-m_50000000_10000000,1500000,24,20 2,52.517105,51.370346,29.691071,28.901306,8.66246,7.265411,1.559717
88,1,-1,1,2300000,bfs-randLocalGraph_-j_-d_3_-m_50000000_10000000,1500000,24,4 18,59.031906,58.088409,41.662384,40.763504,6.596481,7.036789,1.181855
89,-1,1,1,2300000,bfs-randLocalGraph_-j_-d_3_-m_50000000_10000000,1500000,24,2 20,57.081879,55.093857,40.512085,38.407455,5.974823,7.28244,1.13261
90,-1,-1,-1,2300000,bfs-randLocalGraph_-j_-d_3_-m_50000000_10000000,1500000,24,127 0,83.958984,79.4207,41.40094,37.367142,12.30719,10.717316,2.950814
91,1,1,-1,2300000,bfs-randLocalGraph_-j_-d_3_-m_50000000_10000000,1500000,24,16 6,50.619186,50.839661,28.57959,28.992035,8.202484,7.688629,1.508951
92,-1,1,-1,2300000,bfs-randLocalGraph_-j_-d_3_-m_50000000_10000000,1500000,24,18 4,49.544708,49.422348,27.915527,28.068527,8.12677,7.242523,1.478541
93,1,1,1,2300000,bfs-randLocalGraph_-j_-d_3_-m_50000000_10000000,1500000,24,0 127,57.627304,53.689224,41.109299,37.207092,6.418137,6.839935,1.123443
94,-1,-1,1,2300000,bfs-randLocalGraph_-j_-d_3_-m_50000000_10000000,1500000,24,6 16,61.854355,57.543335,43.665436,39.549271,7.220673,6.754974,1.234328
95,1,-1,1,2300000,bfs-randLocalGraph_-j_-d_3_-m_50000000_10000000,1500000,24,4 18,60.282471,56.806717,42.732117,39.590225,7.673355,6.237122,1.183026
96,1,-1,-1,2300000,bfs-randLocalGraph_-j_-d_3_-m_50000000_10000000,1500000,24,20 2,50.888763,49.800842,28.313232,27.650848,8.736374,6.964539,1.538912
97,1,-1,-1,2300000,bfs-randLocalGraph_-j_-d_3_-m_50000000_10000000,1500000,24,20 2,74.230606,70.49263,38.005264,34.872208,11.393021,9.494354,2.498679
98,-1,-1,1,2300000,bfs-randLocalGraph_-j_-d_3_-m_50000000_10000000,1500000,24,6 16,58.689926,55.851852,41.657455,39.058731,7.125702,6.377289,1.151604
99,-1,1,-1,2300000,bfs-randLocalGraph_-j_-d_3_-m_50000000_10000000,1500000,24,18 4,50.576828,50.748505,28.517822,28.909286,8.234634,7.6418,1.508952
100,1,-1,1,2300000,bfs-randLocalGraph_-j_-d_3_-m_50000000_10000000,1500000,24,4 18,57.005173,55.704147,40.364929,39.097031,6.468399,6.862198,1.131607
101,-1,-1,-1,2300000,bfs-randLocalGraph_-j_-d_3_-m_50000000_10000000,1500000,24,127 0,50.89769,50.058487,28.490692,27.977524,8.639481,7.172791,1.529576
102,1,1,1,2300000,bfs-randLocalGraph_-j_-d_3_-m_50000000_10000000,1500000,24,0 127,59.572083,56.38446,42.086945,39.145386,7.204819,6.379898,1.18267
103,-1,1,1,2300000,bfs-randLocalGraph_-j_-d_3_-m_50000000_10000000,1500000,24,2 20,60.489792,56.671371,42.711929,39.152985,7.265244,6.381287,1.203052
104,1,1,-1,2300000,bfs-randLocalGraph_-j_-d_3_-m_50000000_10000000,1500000,24,16 6,50.6483,50.380829,28.280258,28.269135,8.269318,7.510101,1.52951
105,1,-1,-1,2300000,bfs-randLocalGraph_-j_-d_3_-m_50000000_10000000,1500000,24,20 2,51.50383,50.213974,28.82811,27.858749,8.607529,7.187714,1.549503
106,-1,1,-1,2300000,bfs-randLocalGraph_-j_-d_3_-m_50000000_10000000,1500000,24,18 4,51.124954,50.287003,28.859756,28.373459,8.793121,7.043839,1.518689
107,-1,1,1,2300000,bfs-randLocalGraph_-j_-d_3_-m_50000000_10000000,1500000,24,2 20,60.657959,58.614304,42.91185,41.055801,7.233566,6.824905,1.202323
108,1,-1,1,2300000,bfs-randLocalGraph_-j_-d_3_-m_50000000_10000000,1500000,24,4 18,60.189392,56.688492,42.342697,39.15361,7.376434,6.313431,1.206725
109,-1,-1,-1,2300000,bfs-randLocalGraph_-j_-d_3_-m_50000000_10000000,1500000,24,127 0,51.368439,49.747162,28.9431,27.698929,8.84079,7.037048,1.529194
110,1,1,1,2300000,bfs-randLocalGraph_-j_-d_3_-m_50000000_10000000,1500000,24,0 127,60.526352,56.438507,43.016479,38.914261,6.426315,7.221558,1.193941
111,-1,-1,1,2300000,bfs-randLocalGraph_-j_-d_3_-m_50000000_10000000,1500000,24,6 16,60.398163,59.064636,42.851456,41.562592,6.89679,7.189468,1.193125
112,1,1,-1,2300000,bfs-randLocalGraph_-j_-d_3_-m_50000000_10000000,1500000,24,16 6,51.616135,50.354736,29.220383,28.31279,8.607452,7.034698,1.528733
113,-1,-1,-1,2300000,bfs-randLocalGraph_-j_-d_3_-m_50000000_10000000,1500000,24,127 0,51.339462,50.095016,28.734756,27.995987,9.016144,6.594055,1.538502
114,-1,1,1,2300000,bfs-randLocalGraph_-j_-d_3_-m_50000000_10000000,1500000,24,2 20,60.319656,56.338348,42.827087,39.12764,7.329178,6.243454,1.182668
115,1,-1,-1,2300000,bfs-randLocalGraph_-j_-d_3_-m_50000000_10000000,1500000,24,20 2,51.271973,50.223404,28.820236,27.9776,8.286804,7.563019,1.537672
116,1,1,-1,2300000,bfs-randLocalGraph_-j_-d_3_-m_50000000_10000000,1500000,24,16 6,51.644379,51.870956,29.022751,29.435349,8.324326,7.850021,1.549441
117,-1,1,-1,2300000,bfs-randLocalGraph_-j_-d_3_-m_50000000_10000000,1500000,24,18 4,51.523834,50.223053,28.897125,27.912048,8.48851,7.11618,1.547578
118,1,-1,1,2300000,bfs-randLocalGraph_-j_-d_3_-m_50000000_10000000,1500000,24,4 18,60.703003,56.816498,42.914047,39.313782,7.39621,6.34201,1.204075
119,1,1,1,2300000,bfs-randLocalGraph_-j_-d_3_-m_50000000_10000000,1500000,24,0 127,58.60022,54.834381,41.687012,38.213318,7.244019,5.998871,1.142446
120,-1,-1,1,2300000,bfs-randLocalGraph_-j_-d_3_-m_50000000_10000000,1500000,24,6 16,57.472733,54.297318,40.727844,37.79129,6.938751,6.132874,1.131769
121,1,-1,-1,2300000,bfs-randLocalGraph_-j_-d_3_-m_50000000_10000000,1500000,24,20 2,51.588638,50.275848,29.066635,28.05191,8.647354,7.277069,1.539629
122,-1,1,1,2300000,bfs-randLocalGraph_-j_-d_3_-m_50000000_10000000,1500000,24,2 20,58.465637,57.371933,41.46936,40.542816,6.924835,6.580261,1.151836
123,-1,-1,-1,2300000,bfs-randLocalGraph_-j_-d_3_-m_50000000_10000000,1500000,24,127 0,52.121216,51.112549,29.080048,28.538895,9.08432,6.871109,1.56988
124,1,1,1,2300000,bfs-randLocalGraph_-j_-d_3_-m_50000000_10000000,1500000,24,0 127,60.448868,56.746735,42.851715,39.328583,7.039093,6.662079,1.193708
125,1,1,-1,2300000,bfs-randLocalGraph_-j_-d_3_-m_50000000_10000000,1500000,24,16 6,51.613434,50.323288,29.094696,28.095367,8.364471,7.189041,1.539441
126,1,-1,1,2300000,bfs-randLocalGraph_-j_-d_3_-m_50000000_10000000,1500000,24,4 18,59.672714,55.737244,42.387634,38.608749,6.977829,6.606277,1.173194
127,-1,-1,1,2300000,bfs-randLocalGraph_-j_-d_3_-m_50000000_10000000,1500000,24,6 16,58.795349,55.581345,41.307648,38.376495,7.236862,6.205444,1.182648
128,-1,1,-1,2300000,bfs-randLocalGraph_-j_-d_3_-m_50000000_10000000,1500000,24,18 4,52.165848,51.012756,29.293961,28.316788,8.359863,7.738419,1.568858
129,-1,-1,1,2300000,bfs-randLocalGraph_-j_-d_3_-m_50000000_10000000,1500000,24,6 16,59.029221,57.729218,41.720673,40.634491,7.302933,6.413986,1.171563
130,-1,-1,-1,2300000,bfs-randLocalGraph_-j_-d_3_-m_50000000_10000000,1500000,24,127 0,51.657135,50.484406,28.908051,28.193985,8.96933,6.994614,1.549396
131,1,1,-1,2300000,bfs-randLocalGraph_-j_-d_3_-m_50000000_10000000,1500000,24,16 6,52.252701,50.8508,29.121567,28.119247,8.892303,7.10675,1.580028
132,-1,1,-1,2300000,bfs-randLocalGraph_-j_-d_3_-m_50000000_10000000,1500000,24,18 4,54.754211,53.584259,30.329132,29.564713,9.348022,7.426437,1.669007
133,1,-1,1,2300000,bfs-randLocalGraph_-j_-d_3_-m_50000000_10000000,1500000,24,4 18,85.397873,77.701782,53.384888,46.167526,10.323685,8.601364,2.202375
134,-1,1,1,2300000,bfs-randLocalGraph_-j_-d_3_-m_50000000_10000000,1500000,24,2 20,60.617706,56.459702,42.822754,38.952637,7.425079,6.312927,1.20408
135,1,1,1,2300000,bfs-randLocalGraph_-j_-d_3_-m_50000000_10000000,1500000,24,0 127,58.839523,55.641998,41.774734,38.884277,7.210632,6.108643,1.152109
136,1,-1,-1,2300000,bfs-randLocalGraph_-j_-d_3_-m_50000000_10000000,1500000,24,20 2,50.923096,49.977783,28.361923,27.806717,8.770294,6.992722,1.539225
137,-1,1,-1,2300000,bfs-randLocalGraph_-j_-d_3_-m_50000000_10000000,1500000,24,18 4,50.154388,50.451004,28.350479,28.960678,8.408401,7.370087,1.488465
138,-1,1,1,2300000,bfs-randLocalGraph_-j_-d_3_-m_50000000_10000000,1500000,24,2 20,57.594635,53.830673,40.944626,37.247665,6.543671,6.620728,1.131828
139,1,1,-1,2300000,bfs-randLocalGraph_-j_-d_3_-m_50000000_10000000,1500000,24,16 6,50.226898,50.981766,28.321518,29.297714,8.291931,7.452896,1.498427
140,-1,-1,1,2300000,bfs-randLocalGraph_-j_-d_3_-m_50000000_10000000,1500000,24,6 16,61.537949,57.798157,43.371399,40.087997,7.97316,5.999359,1.222839
141,1,1,1,2300000,bfs-randLocalGraph_-j_-d_3_-m_50000000_10000000,1500000,24,0 127,59.181198,55.781876,42.00975,38.828842,7.140015,6.346191,1.16231
142,-1,-1,-1,2300000,bfs-randLocalGraph_-j_-d_3_-m_50000000_10000000,1500000,24,127 0,49.935089,48.960602,27.942169,27.410889,8.81517,6.722137,1.497131
143,1,-1,1,2300000,bfs-randLocalGraph_-j_-d_3_-m_50000000_10000000,1500000,24,4 18,57.407578,54.218735,40.669281,37.6689,6.937729,6.383118,1.133049
144,1,-1,-1,2300000,bfs-randLocalGraph_-j_-d_3_-m_50000000_10000000,1500000,24,20 2,51.841599,50.824387,28.821213,28.260086,8.978317,6.938278,1.569091
145,1,1,-1,2300000,bfs-randLocalGraph_-j_-d_3_-m_50000000_10000000,1500000,24,16 6,52.330887,51.310654,29.492416,28.853821,8.965103,7.087524,1.558884
146,1,-1,1,2300000,bfs-randLocalGraph_-j_-d_3_-m_50000000_10000000,1500000,24,4 18,61.877396,57.738159,43.666275,39.799774,7.623703,6.501617,1.232826
147,-1,-1,-1,2300000,bfs-randLocalGraph_-j_-d_3_-m_50000000_10000000,1500000,24,127 0,51.64801,50.463821,28.752182,28.060883,9.227478,6.854004,1.558075
148,-1,1,1,2300000,bfs-randLocalGraph_-j_-d_3_-m_50000000_10000000,1500000,24,2 20,60.582443,57.273758,43.132751,39.990326,7.259109,6.607788,1.183268
149,-1,1,-1,2300000,bfs-randLocalGraph_-j_-d_3_-m_50000000_10000000,1500000,24,18 4,52.248642,50.901871,29.248734,28.275848,8.826477,7.105209,1.570115
150,-1,-1,1,2300000,bfs-randLocalGraph_-j_-d_3_-m_50000000_10000000,1500000,24,6 16,60.657547,56.354752,43.064026,38.898361,6.965088,6.72998,1.19363
151,1,-1,-1,2300000,bfs-randLocalGraph_-j_-d_3_-m_50000000_10000000,1500000,24,20 2,50.953629,50.00209,28.568085,27.963394,8.769745,7.037491,1.527593
152,1,1,1,2300000,bfs-randLocalGraph_-j_-d_3_-m_50000000_10000000,1500000,24,0 127,57.681229,54.388702,40.965302,37.80249,6.895294,6.428757,1.133391
153,1,1,1,2300000,bfs-randLocalGraph_-j_-d_3_-m_50000000_10000000,1500000,24,0 127,60.099274,56.729004,42.539124,39.581863,7.77417,5.852722,1.182248
154,-1,-1,1,2300000,bfs-randLocalGraph_-j_-d_3_-m_50000000_10000000,1500000,24,6 16,61.967285,58.135864,43.876236,40.339478,7.58107,6.365509,1.223329
155,1,1,-1,2300000,bfs-randLocalGraph_-j_-d_3_-m_50000000_10000000,1500000,24,16 6,51.548828,50.21492,29.118256,28.231796,9.025223,6.846878,1.527236
156,-1,-1,-1,2300000,bfs-randLocalGraph_-j_-d_3_-m_50000000_10000000,1500000,24,127 0,50.842133,49.877533,28.415619,27.820724,8.68924,6.98671,1.529722
157,1,-1,1,2300000,bfs-randLocalGraph_-j_-d_3_-m_50000000_10000000,1500000,24,4 18,60.746872,57.447403,42.837967,39.801117,7.368851,6.377853,1.212469
158,-1,1,-1,2300000,bfs-randLocalGraph_-j_-d_3_-m_50000000_10000000,1500000,24,18 4,52.698257,51.661179,29.691025,28.794891,8.387772,7.891174,1.578283
159,1,-1,-1,2300000,bfs-randLocalGraph_-j_-d_3_-m_50000000_10000000,1500000,24,20 2,49.484467,49.444809,27.751282,27.927841,8.123428,7.385483,1.486866
160,-1,1,1,2300000,bfs-randLocalGraph_-j_-d_3_-m_50000000_10000000,1500000,24,2 20,59.341599,57.637787,41.962219,40.317795,6.759186,6.916733,1.182383
161,-1,-1,-1,2300000,bfs-randLocalGraph_-j_-d_3_-m_50000000_10000000,1500000,24,127 0,52.124207,50.986954,28.972519,28.290878,9.126144,6.993423,1.578137
162,1,1,-1,2300000,bfs-randLocalGraph_-j_-d_3_-m_50000000_10000000,1500000,24,16 6,52.50589,51.469772,29.032181,28.448563,9.066864,6.97821,1.619297
163,-1,-1,1,2300000,bfs-randLocalGraph_-j_-d_3_-m_50000000_10000000,1500000,24,6 16,61.105408,57.025253,43.295364,39.563721,7.659866,6.062912,1.203278
164,1,-1,1,2300000,bfs-randLocalGraph_-j_-d_3_-m_50000000_10000000,1500000,24,4 18,58.087357,57.625061,40.902512,40.635208,7.178253,6.630188,1.163066
165,-1,1,-1,2300000,bfs-randLocalGraph_-j_-d_3_-m_50000000_10000000,1500000,24,18 4,50.687012,49.695297,28.547928,27.962875,8.658798,6.833481,1.509398
166,1,1,1,2300000,bfs-randLocalGraph_-j_-d_3_-m_50000000_10000000,1500000,24,0 127,62.044159,58.017624,43.89534,39.976776,7.016296,7.065292,1.23442
167,1,-1,-1,2300000,bfs-randLocalGraph_-j_-d_3_-m_50000000_10000000,1500000,24,20 2,50.611694,49.363434,28.364212,27.48941,8.653305,6.915375,1.517815
168,-1,1,1,2300000,bfs-randLocalGraph_-j_-d_3_-m_50000000_10000000,1500000,24,2 20,59.623489,55.700531,42.500626,38.695374,6.741791,6.672104,1.162383
169,1,1,1,2300000,bfs-randLocalGraph_-j_-d_3_-m_50000000_10000000,1500000,24,0 127,68.870514,62.761642,48.037079,42.373657,7.907761,7.005508,1.419235
170,-1,1,1,2300000,bfs-randLocalGraph_-j_-d_3_-m_50000000_10000000,1500000,24,2 20,60.516235,57.444534,43.005356,40.236832,7.410446,6.300705,1.182125
171,1,-1,-1,2300000,bfs-randLocalGraph_-j_-d_3_-m_50000000_10000000,1500000,24,20 2,52.445297,51.095901,29.077194,28.268753,9.536407,6.789413,1.590416
172,1,1,-1,2300000,bfs-randLocalGraph_-j_-d_3_-m_50000000_10000000,1500000,24,16 6,51.3741,50.057739,28.997528,28.034637,8.807449,7.1017,1.527391
173,1,-1,1,2300000,bfs-randLocalGraph_-j_-d_3_-m_50000000_10000000,1500000,24,4 18,59.549606,56.030609,42.282898,38.943527,7.218079,6.506073,1.17003
174,-1,1,-1,2300000,bfs-randLocalGraph_-j_-d_3_-m_50000000_10000000,1500000,24,18 4,52.246414,50.952515,29.636444,28.571259,8.464035,7.669373,1.547848
175,-1,-1,-1,2300000,bfs-randLocalGraph_-j_-d_3_-m_50000000_10000000,1500000,24,127 0,51.47525,50.292267,28.653198,27.825607,8.815521,7.068726,1.559904
176,-1,-1,1,2300000,bfs-randLocalGraph_-j_-d_3_-m_50000000_10000000,1500000,24,6 16,60.262802,57.141556,42.650375,39.723511,7.309937,6.457947,1.193884
177,1,-1,1,2300000,bfs-randLocalGraph_-j_-d_3_-m_50000000_10000000,1500000,24,4 18,59.727875,57.876404,42.173218,40.369095,6.831284,6.864059,1.193686
178,-1,1,-1,2300000,bfs-randLocalGraph_-j_-d_3_-m_50000000_10000000,1500000,24,18 4,51.137329,50.021362,28.846954,28.195511,8.858063,6.588242,1.517878
179,1,1,-1,2300000,bfs-randLocalGraph_-j_-d_3_-m_50000000_10000000,1500000,24,16 6,50.328613,50.379486,28.313416,28.613388,8.227478,7.394058,1.506738
180,-1,-1,-1,2300000,bfs-randLocalGraph_-j_-d_3_-m_50000000_10000000,1500000,24,127 0,51.933777,50.374756,29.130875,27.946945,8.843079,7.107513,1.558042
181,1,1,1,2300000,bfs-randLocalGraph_-j_-d_3_-m_50000000_10000000,1500000,24,0 127,58.767792,55.317688,41.872574,38.680786,7.141708,6.125732,1.141714
182,-1,1,1,2300000,bfs-randLocalGraph_-j_-d_3_-m_50000000_10000000,1500000,24,2 20,61.763504,57.395294,43.695221,39.60257,7.456985,6.20108,1.224218
183,1,-1,-1,2300000,bfs-randLocalGraph_-j_-d_3_-m_50000000_10000000,1500000,24,20 2,51.222763,50.841644,28.86409,28.786285,8.543777,7.235489,1.527427
184,-1,-1,1,2300000,bfs-randLocalGraph_-j_-d_3_-m_50000000_10000000,1500000,24,6 16,60.529694,56.629288,42.649567,38.932068,7.321838,6.592804,1.213064
185,-1,1,-1,2300000,bfs-randLocalGraph_-j_-d_3_-m_50000000_10000000,1500000,24,18 4,51.865204,51.000061,29.144638,28.71106,8.995361,6.998108,1.547876
186,-1,-1,-1,2300000,bfs-randLocalGraph_-j_-d_3_-m_50000000_10000000,1500000,24,127 0,51.927902,50.826874,29.057938,28.386719,9.038834,6.761307,1.5597
187,1,-1,1,2300000,bfs-randLocalGraph_-j_-d_3_-m_50000000_10000000,1500000,24,4 18,60.330566,56.646103,42.618668,39.111526,7.300201,6.577423,1.202596
188,-1,-1,1,2300000,bfs-randLocalGraph_-j_-d_3_-m_50000000_10000000,1500000,24,6 16,58.704163,56.697205,41.441223,39.542648,6.817154,6.636292,1.173235
189,-1,1,1,2300000,bfs-randLocalGraph_-j_-d_3_-m_50000000_10000000,1500000,24,2 20,57.693909,54.272202,41.058655,37.967529,7.265518,5.763657,1.121819
190,1,1,1,2300000,bfs-randLocalGraph_-j_-d_3_-m_50000000_10000000,1500000,24,0 127,60.429794,56.552567,42.578934,39.144974,7.851395,5.868774,1.202453
191,1,-1,-1,2300000,bfs-randLocalGraph_-j_-d_3_-m_50000000_10000000,1500000,24,20 2,50.117935,50.589172,28.118851,28.773956,8.198181,7.630096,1.507042
192,1,1,-1,2300000,bfs-randLocalGraph_-j_-d_3_-m_50000000_10000000,1500000,24,16 6,49.97995,49.799942,28.180542,28.311554,8.367355,7.031631,1.488455
193,-1,1,-1,2300000,bfs-randLocalGraph_-j_-d_3_-m_50000000_10000000,1500000,24,18 4,51.771942,50.50798,29.081421,28.243484,8.898163,6.954071,1.547622
194,1,1,-1,2300000,bfs-randLocalGraph_-j_-d_3_-m_50000000_10000000,1500000,24,16 6,51.808792,51.968491,28.784592,29.186325,8.445068,7.653702,1.577531
195,1,-1,1,2300000,bfs-randLocalGraph_-j_-d_3_-m_50000000_10000000,1500000,24,4 18,58.54039,56.366379,41.473923,39.587631,7.280197,6.171036,1.153379
196,-1,-1,-1,2300000,bfs-randLocalGraph_-j_-d_3_-m_50000000_10000000,1500000,24,127 0,51.23764,49.804337,28.622299,27.416656,8.200409,7.501907,1.55007
197,1,-1,-1,2300000,bfs-randLocalGraph_-j_-d_3_-m_50000000_10000000,1500000,24,20 2,52.893646,51.598862,29.495132,28.583969,8.960205,7.27153,1.59851
198,1,1,1,2300000,bfs-randLocalGraph_-j_-d_3_-m_50000000_10000000,1500000,24,0 127,61.355362,59.938538,43.11116,42.006805,7.628677,6.457993,1.234351
199,-1,-1,1,2300000,bfs-randLocalGraph_-j_-d_3_-m_50000000_10000000,1500000,24,6 16,60.98111,56.128571,43.458969,38.620483,6.716171,7.104111,1.193803
200,-1,1,1,2300000,bfs-randLocalGraph_-j_-d_3_-m_50000000_10000000,1500000,24,2 20,60.488022,57.068359,43.004364,39.858398,7.379257,6.336945,1.182303
201,-1,-1,1,2300000,bfs-randLocalGraph_-j_-d_3_-m_50000000_10000000,1500000,24,6 16,58.720093,54.66481,41.68074,37.843399,7.070602,6.31636,1.152285
202,1,1,-1,2300000,bfs-randLocalGraph_-j_-d_3_-m_50000000_10000000,1500000,24,16 6,52.056503,52.430038,29.121567,29.748154,8.561172,7.730621,1.569368
203,1,1,1,2300000,bfs-randLocalGraph_-j_-d_3_-m_50000000_10000000,1500000,24,0 127,59.571716,55.243546,42.413589,38.016739,6.337723,7.139664,1.172249
204,-1,-1,-1,2300000,bfs-randLocalGraph_-j_-d_3_-m_50000000_10000000,1500000,24,127 0,49.889893,48.878098,27.930634,27.268356,8.546844,6.942535,1.499156
205,-1,1,-1,2300000,bfs-randLocalGraph_-j_-d_3_-m_50000000_10000000,1500000,24,18 4,84.097046,81.322861,42.360703,40.202545,11.938629,10.995895,2.893033
206,1,-1,-1,2300000,bfs-randLocalGraph_-j_-d_3_-m_50000000_10000000,1500000,24,20 2,50.955933,50.121643,28.597626,28.034973,8.648697,7.474274,1.529495
207,-1,1,1,2300000,bfs-randLocalGraph_-j_-d_3_-m_50000000_10000000,1500000,24,2 20,60.208923,56.478897,42.625916,39.082138,7.163513,6.567841,1.192535
208,1,-1,1,2300000,bfs-randLocalGraph_-j_-d_3_-m_50000000_10000000,1500000,24,4 18,58.347488,54.668747,41.484772,37.938156,6.830078,6.552933,1.143583
209,1,1,1,2300000,bfs-randLocalGraph_-j_-d_3_-m_50000000_10000000,1500000,24,0 127,58.719467,54.404144,41.874008,37.718216,6.867355,6.425476,1.143296
210,1,-1,1,2300000,bfs-randLocalGraph_-j_-d_3_-m_50000000_10000000,1500000,24,4 18,58.240952,57.061523,40.829651,40.025497,7.692642,6.101013,1.173347
211,-1,-1,1,2300000,bfs-randLocalGraph_-j_-d_3_-m_50000000_10000000,1500000,24,6 16,58.707764,57.183716,41.658615,40.073944,6.389847,7.151581,1.163111
212,1,-1,-1,2300000,bfs-randLocalGraph_-j_-d_3_-m_50000000_10000000,1500000,24,20 2,51.919754,50.901993,28.808472,28.185974,8.931915,7.12619,1.578238
213,1,1,-1,2300000,bfs-randLocalGraph_-j_-d_3_-m_50000000_10000000,1500000,24,16 6,50.189621,49.245071,28.25032,27.908722,9.243805,6.169693,1.488828
214,-1,1,1,2300000,bfs-randLocalGraph_-j_-d_3_-m_50000000_10000000,1500000,24,2 20,58.630997,55.595627,41.365448,38.752747,7.652878,5.644073,1.162106
215,-1,-1,-1,2300000,bfs-randLocalGraph_-j_-d_3_-m_50000000_10000000,1500000,24,127 0,51.718155,50.644318,28.765472,28.10257,8.878845,7.037979,1.566844
216,-1,1,-1,2300000,bfs-randLocalGraph_-j_-d_3_-m_50000000_10000000,1500000,24,18 4,50.951447,49.99649,28.636108,28.169144,9.037949,6.780823,1.519349
217,1,1,1,2300000,bfs-randLocalGraph_-j_-d_3_-m_50000000_10000000,1500000,24,0 127,58.546814,56.4048,41.603775,39.517685,6.634552,6.814743,1.152526
218,-1,-1,-1,2300000,bfs-randLocalGraph_-j_-d_3_-m_50000000_10000000,1500000,24,127 0,49.563293,50.239319,27.76741,28.748566,8.417511,7.252609,1.48843
219,-1,1,1,2300000,bfs-randLocalGraph_-j_-d_3_-m_50000000_10000000,1500000,24,2 20,61.570435,57.209167,43.876251,39.613373,6.917191,6.8302,1.203835
220,1,-1,-1,2300000,bfs-randLocalGraph_-j_-d_3_-m_50000000_10000000,1500000,24,20 2,51.499252,50.153793,28.806046,27.901733,8.894714,6.858673,1.548201
221,1,-1,1,2300000,bfs-randLocalGraph_-j_-d_3_-m_50000000_10000000,1500000,24,4 18,58.997269,57.997498,41.853485,41.006943,7.018539,6.597427,1.163171
222,-1,-1,1,2300000,bfs-randLocalGraph_-j_-d_3_-m_50000000_10000000,1500000,24,6 16,57.42128,56.351028,40.778122,39.759308,6.561432,6.736969,1.13134
223,-1,1,-1,2300000,bfs-randLocalGraph_-j_-d_3_-m_50000000_10000000,1500000,24,18 4,50.429001,50.939682,28.362457,29.203339,8.445221,7.199509,1.506633
224,1,1,-1,2300000,bfs-randLocalGraph_-j_-d_3_-m_50000000_10000000,1500000,24,16 6,52.22171,51.077011,29.40567,28.649643,8.925262,7.160049,1.557695
225,-1,1,1,2300000,bfs-randLocalGraph_-j_-d_3_-m_50000000_10000000,1500000,24,2 20,60.76506,56.927216,43.316727,39.664856,7.287811,6.561813,1.182596
226,-1,1,-1,2300000,bfs-randLocalGraph_-j_-d_3_-m_50000000_10000000,1500000,24,18 4,51.720245,51.875565,28.60643,29.113281,8.843277,7.420212,1.579913
227,-1,-1,1,2300000,bfs-randLocalGraph_-j_-d_3_-m_50000000_10000000,1500000,24,6 16,62.709885,57.96669,43.879715,39.479233,7.747803,6.489883,1.274673
228,1,-1,-1,2300000,bfs-randLocalGraph_-j_-d_3_-m_50000000_10000000,1500000,24,20 2,51.180405,50.160248,28.460571,27.893051,8.930481,6.946304,1.548163
229,1,1,-1,2300000,bfs-randLocalGraph_-j_-d_3_-m_50000000_10000000,1500000,24,16 6,52.646835,51.457764,29.246582,28.408279,8.86525,7.285355,1.600385
230,1,1,1,2300000,bfs-randLocalGraph_-j_-d_3_-m_50000000_10000000,1500000,24,0 127,60.830704,56.774384,43.212479,39.438324,7.403915,6.292023,1.192345
231,-1,-1,-1,2300000,bfs-randLocalGraph_-j_-d_3_-m_50000000_10000000,1500000,24,127 0,51.936447,52.32576,28.87822,29.47966,8.453217,7.85733,1.580036
232,1,-1,1,2300000,bfs-randLocalGraph_-j_-d_3_-m_50000000_10000000,1500000,24,4 18,60.031708,56.857269,42.326508,39.541016,7.708405,5.966385,1.194016
233,-1,-1,-1,2300000,bfs-randLocalGraph_-j_-d_3_-m_50000000_10000000,1500000,24,127 0,51.651794,50.762131,28.801285,28.342773,8.975006,7.100708,1.558188
234,-1,1,1,2300000,bfs-randLocalGraph_-j_-d_3_-m_50000000_10000000,1500000,24,2 20,57.603836,55.725922,40.943466,39.104919,6.524017,6.869202,1.132932
235,1,-1,1,2300000,bfs-randLocalGraph_-j_-d_3_-m_50000000_10000000,1500000,24,4 18,59.051758,54.983368,41.956345,38.271103,7.516907,5.830795,1.15216
236,1,-1,-1,2300000,bfs-randLocalGraph_-j_-d_3_-m_50000000_10000000,1500000,24,20 2,49.706375,48.789307,27.845993,27.386627,8.69278,6.75563,1.487311
237,-1,-1,1,2300000,bfs-randLocalGraph_-j_-d_3_-m_50000000_10000000,1500000,24,6 16,56.664719,55.239868,40.029221,38.593613,6.366959,6.970184,1.132098
238,-1,1,-1,2300000,bfs-randLocalGraph_-j_-d_3_-m_50000000_10000000,1500000,24,18 4,50.863541,50.002289,28.686386,28.057007,8.322433,7.456635,1.518038
239,1,1,-1,2300000,bfs-randLocalGraph_-j_-d_3_-m_50000000_10000000,1500000,24,16 6,50.514603,49.782379,28.361069,27.841675,8.144089,7.483429,1.517244
240,1,1,1,2300000,bfs-randLocalGraph_-j_-d_3_-m_50000000_10000000,1500000,24,0 127,57.054611,55.049316,40.506485,38.613602,6.62941,6.510483,1.122815
241,1,-1,-1,2300000,bfs-randLocalGraph_-j_-d_3_-m_50000000_10000000,1500000,24,20 2,70.577896,68.466492,36.962845,35.424408,10.949661,9.30748,2.317417
242,-1,1,1,2300000,bfs-randLocalGraph_-j_-d_3_-m_50000000_10000000,1500000,24,2 20,58.893204,57.152206,41.536835,39.910309,6.813187,6.742706,1.178846
243,-1,-1,-1,2300000,bfs-randLocalGraph_-j_-d_3_-m_50000000_10000000,1500000,24,127 0,50.816422,49.871719,28.438522,27.823471,8.715591,7.145706,1.528312
244,1,1,-1,2300000,bfs-randLocalGraph_-j_-d_3_-m_50000000_10000000,1500000,24,16 6,51.484192,50.455688,29.1241,28.375992,8.433731,7.281982,1.529381
245,-1,1,-1,2300000,bfs-randLocalGraph_-j_-d_3_-m_50000000_10000000,1500000,24,18 4,53.739304,52.872147,30.347061,29.81163,9.001633,7.456818,1.598199
246,-1,-1,1,2300000,bfs-randLocalGraph_-j_-d_3_-m_50000000_10000000,1500000,24,6 16,59.210678,55.060425,42.156174,38.021591,6.557465,6.902405,1.162412
247,1,-1,1,2300000,bfs-randLocalGraph_-j_-d_3_-m_50000000_10000000,1500000,24,4 18,57.292755,55.470169,40.487946,39.003296,7.4832,6.020035,1.13259
248,1,1,1,2300000,bfs-randLocalGraph_-j_-d_3_-m_50000000_10000000,1500000,24,0 127,60.923187,57.798325,43.042755,40.381561,8.057907,5.828995,1.203613
249,-1,1,-1,2300000,bfs-randLocalGraph_-j_-d_3_-m_50000000_10000000,1500000,24,18 4,51.311539,51.261795,28.961945,29.12352,8.366592,7.712051,1.529197
250,1,-1,1,2300000,bfs-randLocalGraph_-j_-d_3_-m_50000000_10000000,1500000,24,4 18,60.757202,56.930557,42.954834,39.489502,7.754059,6.053925,1.202411
251,1,-1,-1,2300000,bfs-randLocalGraph_-j_-d_3_-m_50000000_10000000,1500000,24,20 2,53.231247,52.075577,29.431808,28.579437,8.844101,7.814774,1.628921
252,1,1,-1,2300000,bfs-randLocalGraph_-j_-d_3_-m_50000000_10000000,1500000,24,16 6,52.221542,50.922882,29.437576,28.40863,8.53804,7.450211,1.55951
253,-1,1,1,2300000,bfs-randLocalGraph_-j_-d_3_-m_50000000_10000000,1500000,24,2 20,62.170593,61.140015,43.993408,43.099045,7.362289,7.084976,1.234069
254,1,1,1,2300000,bfs-randLocalGraph_-j_-d_3_-m_50000000_10000000,1500000,24,0 127,58.963608,55.560349,41.924698,38.72168,7.118652,6.408646,1.15332
255,-1,-1,-1,2300000,bfs-randLocalGraph_-j_-d_3_-m_50000000_10000000,1500000,24,127 0,52.585754,52.676331,29.181458,29.653809,9.119705,7.33934,1.598232
256,-1,-1,1,2300000,bfs-randLocalGraph_-j_-d_3_-m_50000000_10000000,1500000,24,6 16,59.279922,57.395096,41.797348,40.137589,7.422012,6.466675,1.183878
257,-1,-1,1,2300000,bfs-randLocalGraph_-j_-d_3_-m_50000000_10000000,1500000,24,6 16,59.318115,56.005249,42.02562,39.177841,7.782516,5.731522,1.161978
258,1,-1,1,2300000,bfs-randLocalGraph_-j_-d_3_-m_50000000_10000000,1500000,24,4 18,59.896637,56.000565,42.484207,38.718933,7.103149,6.77655,1.182377
259,1,1,1,2300000,bfs-randLocalGraph_-j_-d_3_-m_50000000_10000000,1500000,24,0 127,58.642105,57.290894,41.344513,40.116699,6.87027,6.775482,1.173518
260,-1,1,-1,2300000,bfs-randLocalGraph_-j_-d_3_-m_50000000_10000000,1500000,24,18 4,49.344742,49.228165,27.766739,28.148453,9.027115,6.538849,1.466142
261,1,1,-1,2300000,bfs-randLocalGraph_-j_-d_3_-m_50000000_10000000,1500000,24,16 6,50.175034,49.052383,28.297241,27.407288,8.23584,7.356232,1.497266
262,-1,-1,-1,2300000,bfs-randLocalGraph_-j_-d_3_-m_50000000_10000000,1500000,24,127 0,50.926437,50.111832,28.549149,28.107697,8.822922,7.126404,1.527767
263,-1,1,1,2300000,bfs-randLocalGraph_-j_-d_3_-m_50000000_10000000,1500000,24,2 20,59.548477,56.106873,42.105865,39.110703,7.829788,5.724777,1.173627
264,1,-1,-1,2300000,bfs-randLocalGraph_-j_-d_3_-m_50000000_10000000,1500000,24,20 2,50.633591,49.938736,28.412704,28.044861,8.73558,7.15596,1.517538
265,-1,1,1,2300000,bfs-randLocalGraph_-j_-d_3_-m_50000000_10000000,1500000,24,2 20,58.107697,56.128769,41.297409,39.431442,6.837097,6.561462,1.141529
266,-1,-1,-1,2300000,bfs-randLocalGraph_-j_-d_3_-m_50000000_10000000,1500000,24,127 0,50.802643,50.748032,28.333252,28.569672,8.431458,7.48407,1.53764
267,1,1,1,2300000,bfs-randLocalGraph_-j_-d_3_-m_50000000_10000000,1500000,24,0 127,59.907578,56.64032,42.566986,39.552872,7.214249,6.26973,1.173382
268,1,-1,1,2300000,bfs-randLocalGraph_-j_-d_3_-m_50000000_10000000,1500000,24,4 18,58.526581,54.771606,41.525085,37.98465,6.998703,6.291107,1.151872
269,1,1,-1,2300000,bfs-randLocalGraph_-j_-d_3_-m_50000000_10000000,1500000,24,16 6,51.075287,50.180695,28.752502,28.149384,8.413239,7.191284,1.527245
270,-1,1,-1,2300000,bfs-randLocalGraph_-j_-d_3_-m_50000000_10000000,1500000,24,18 4,50.295486,50.693069,27.983688,28.612701,8.195038,7.569809,1.529204
271,-1,-1,1,2300000,bfs-randLocalGraph_-j_-d_3_-m_50000000_10000000,1500000,24,6 16,61.530975,57.773727,43.314484,39.859634,7.569962,6.32132,1.23368
272,1,-1,-1,2300000,bfs-randLocalGraph_-j_-d_3_-m_50000000_10000000,1500000,24,20 2,52.079788,50.987534,29.028305,28.15329,8.525848,7.764633,1.580027
273,1,-1,-1,2300000,bfs-randLocalGraph_-j_-d_3_-m_50000000_10000000,1500000,24,20 2,50.373123,49.52829,28.248611,27.857681,8.894547,6.771606,1.50772
274,-1,-1,-1,2300000,bfs-randLocalGraph_-j_-d_3_-m_50000000_10000000,1500000,24,127 0,49.957306,50.287277,27.771759,28.328842,8.233871,7.523361,1.51932
275,1,-1,1,2300000,bfs-randLocalGraph_-j_-d_3_-m_50000000_10000000,1500000,24,4 18,61.706116,57.797287,43.436401,39.915009,7.871155,6.215881,1.232721
276,-1,1,1,2300000,bfs-randLocalGraph_-j_-d_3_-m_50000000_10000000,1500000,24,2 20,67.810135,66.170502,46.207672,44.695877,7.625839,7.482254,1.478396
277,1,1,1,2300000,bfs-randLocalGraph_-j_-d_3_-m_50000000_10000000,1500000,24,0 127,96.274551,93.961746,62.206879,59.714706,8.954987,11.158035,2.368467
278,-1,1,-1,2300000,bfs-randLocalGraph_-j_-d_3_-m_50000000_10000000,1500000,24,18 4,72.82222,76.2827,37.951721,41.498428,10.116867,10.498749,2.420227
279,-1,-1,1,2300000,bfs-randLocalGraph_-j_-d_3_-m_50000000_10000000,1500000,24,6 16,56.482819,55.326614,39.855911,38.987045,7.104858,5.96962,1.122739
280,1,1,-1,2300000,bfs-randLocalGraph_-j_-d_3_-m_50000000_10000000,1500000,24,16 6,51.876266,50.807297,29.233826,28.50235,8.749435,7.093475,1.547621
281,1,1,1,2300000,bfs-randLocalGraph_-j_-d_3_-m_50000000_10000000,1500000,24,0 127,61.479446,57.548843,43.679779,40.052917,7.535385,6.221008,1.202943
282,-1,-1,1,2300000,bfs-randLocalGraph_-j_-d_3_-m_50000000_10000000,1500000,24,6 16,57.324951,55.457001,40.604172,38.909897,6.972992,6.36879,1.13159
283,-1,1,1,2300000,bfs-randLocalGraph_-j_-d_3_-m_50000000_10000000,1500000,24,2 20,59.736343,57.785553,42.43486,40.628845,6.975937,6.61142,1.173229
284,1,-1,1,2300000,bfs-randLocalGraph_-j_-d_3_-m_50000000_10000000,1500000,24,4 18,59.652649,58.037079,41.947662,40.472824,6.985229,6.779129,1.202177
285,-1,1,-1,2300000,bfs-randLocalGraph_-j_-d_3_-m_50000000_10000000,1500000,24,18 4,52.4879,51.468704,29.703629,28.948318,8.831177,7.368607,1.557781
286,1,-1,-1,2300000,bfs-randLocalGraph_-j_-d_3_-m_50000000_10000000,1500000,24,20 2,51.487778,50.238876,28.932083,28.121201,8.908661,6.842468,1.53763
287,1,1,-1,2300000,bfs-randLocalGraph_-j_-d_3_-m_50000000_10000000,1500000,24,16 6,51.054642,49.957077,28.824936,28.084763,8.670486,7.008423,1.516954
288,-1,-1,-1,2300000,bfs-randLocalGraph_-j_-d_3_-m_50000000_10000000,1500000,24,127 0,50.665955,49.473541,28.31102,27.408905,8.230606,7.247101,1.528615
289,1,1,-1,2300000,bfs-randLocalGraph_-j_-d_3_-m_50000000_10000000,1500000,24,16 6,50.638519,49.828766,28.503448,28.093704,8.724716,6.896545,1.509253
290,1,1,1,2300000,bfs-randLocalGraph_-j_-d_3_-m_50000000_10000000,1500000,24,0 127,58.885223,55.411926,41.864548,38.609726,7.113388,6.272141,1.152112
291,-1,-1,-1,2300000,bfs-randLocalGraph_-j_-d_3_-m_50000000_10000000,1500000,24,127 0,52.804871,51.678207,29.085999,28.327087,8.992264,7.20697,1.62987
292,-1,1,-1,2300000,bfs-randLocalGraph_-j_-d_3_-m_50000000_10000000,1500000,24,18 4,52.489639,51.09021,29.636734,28.653183,8.975662,7.122696,1.5597
293,1,-1,-1,2300000,bfs-randLocalGraph_-j_-d_3_-m_50000000_10000000,1500000,24,20 2,52.106812,51.025604,29.241089,28.582932,9.080444,7.115875,1.559705
294,-1,1,1,2300000,bfs-randLocalGraph_-j_-d_3_-m_50000000_10000000,1500000,24,2 20,59.222763,55.335999,42.045914,38.420807,7.190948,6.232925,1.161978
295,-1,-1,1,2300000,bfs-randLocalGraph_-j_-d_3_-m_50000000_10000000,1500000,24,6 16,60.883881,57.112,43.031113,39.641357,7.775284,6.056152,1.204161
296,1,-1,1,2300000,bfs-randLocalGraph_-j_-d_3_-m_50000000_10000000,1500000,24,4 18,58.757111,54.964203,41.761002,38.139969,6.954514,6.459335,1.152073
297,-1,-1,1,2300000,bfs-randLocalGraph_-j_-d_3_-m_50000000_10000000,1500000,24,6 16,60.501968,57.33606,42.616806,39.668045,7.329971,6.532333,1.212526
298,-1,1,1,2300000,bfs-randLocalGraph_-j_-d_3_-m_50000000_10000000,1500000,24,2 20,87.467239,80.35321,56.147522,49.507477,9.810303,8.919342,2.160743
299,1,1,1,2300000,bfs-randLocalGraph_-j_-d_3_-m_50000000_10000000,1500000,24,0 127,56.685547,54.999466,40.108597,38.572098,6.83252,6.363998,1.123107
300,-1,-1,-1,2300000,bfs-randLocalGraph_-j_-d_3_-m_50000000_10000000,1500000,24,127 0,52.949829,51.733612,29.562698,28.725479,8.996262,7.250076,1.59858
301,1,-1,1,2300000,bfs-randLocalGraph_-j_-d_3_-m_50000000_10000000,1500000,24,4 18,61.262756,57.440125,43.520737,39.861801,7.349213,6.802094,1.202632
302,-1,1,-1,2300000,bfs-randLocalGraph_-j_-d_3_-m_50000000_10000000,1500000,24,18 4,50.982117,49.836823,28.497665,27.578079,8.474396,7.437714,1.539579
303,1,1,-1,2300000,bfs-randLocalGraph_-j_-d_3_-m_50000000_10000000,1500000,24,16 6,50.979355,49.944061,28.666138,28.148315,9.213608,6.54425,1.517207
304,1,-1,-1,2300000,bfs-randLocalGraph_-j_-d_3_-m_50000000_10000000,1500000,24,20 2,49.938278,50.021011,28.05278,28.330688,8.126602,7.577911,1.498828
305,-1,-1,-1,2300000,bfs-randLocalGraph_-j_-d_3_-m_50000000_10000000,1500000,24,127 0,51.034958,50.006775,28.517136,27.819901,8.589111,7.18512,1.538996
306,1,-1,-1,2300000,bfs-randLocalGraph_-j_-d_3_-m_50000000_10000000,1500000,24,20 2,50.673752,49.493942,28.341797,27.720337,9.278305,6.355927,1.51866
307,-1,-1,1,2300000,bfs-randLocalGraph_-j_-d_3_-m_50000000_10000000,1500000,24,6 16,59.376312,55.782623,42.193665,38.856674,7.279251,6.238907,1.16208
308,-1,1,-1,2300000,bfs-randLocalGraph_-j_-d_3_-m_50000000_10000000,1500000,24,18 4,52.058548,50.837357,29.173294,28.493881,9.474319,6.575912,1.557695
309,1,-1,1,2300000,bfs-randLocalGraph_-j_-d_3_-m_50000000_10000000,1500000,24,4 18,57.430191,54.21788,40.786209,37.611588,6.5177,6.673431,1.132289
310,-1,1,1,2300000,bfs-randLocalGraph_-j_-d_3_-m_50000000_10000000,1500000,24,2 20,59.931122,56.115494,42.615128,39.040222,7.247238,6.305435,1.171928
311,1,1,-1,2300000,bfs-randLocalGraph_-j_-d_3_-m_50000000_10000000,1500000,24,16 6,50.897064,49.818817,28.613876,27.939194,8.764008,6.890213,1.519575
312,1,1,1,2300000,bfs-randLocalGraph_-j_-d_3_-m_50000000_10000000,1500000,24,0 127,60.248184,56.565781,42.618515,39.17952,7.511292,6.383652,1.193937
313,1,1,1,2300000,bfs-randLocalGraph_-j_-d_3_-m_50000000_10000000,1500000,24,0 127,59.493866,56.075668,42.311249,39.149719,7.254608,6.271454,1.162219
314,-1,1,-1,2300000,bfs-randLocalGraph_-j_-d_3_-m_50000000_10000000,1500000,24,18 4,50.153107,50.2733,28.175583,28.65509,8.6521,7.151871,1.498957
315,1,-1,1,2300000,bfs-randLocalGraph_-j_-d_3_-m_50000000_10000000,1500000,24,4 18,57.385468,55.452057,40.544815,39.015915,7.582428,5.810989,1.133079
316,-1,1,1,2300000,bfs-randLocalGraph_-j_-d_3_-m_50000000_10000000,1500000,24,2 20,61.546021,58.020569,43.574966,40.405426,7.820618,6.297424,1.212808
317,1,-1,-1,2300000,bfs-randLocalGraph_-j_-d_3_-m_50000000_10000000,1500000,24,20 2,49.781021,50.231186,27.873016,28.553864,8.223053,7.466019,1.498781
318,-1,-1,1,2300000,bfs-randLocalGraph_-j_-d_3_-m_50000000_10000000,1500000,24,6 16,59.862747,58.416397,42.399918,41.13945,7.134796,6.564102,1.183422
319,-1,-1,-1,2300000,bfs-randLocalGraph_-j_-d_3_-m_50000000_10000000,1500000,24,127 0,49.540466,49.950134,27.716019,28.499374,8.752731,6.927719,1.488346
320,1,1,-1,2300000,bfs-randLocalGraph_-j_-d_3_-m_50000000_10000000,1500000,24,16 6,51.705246,50.936951,29.22084,28.658859,8.392746,7.649109,1.539627
321,1,-1,-1,2300000,bfs-randLocalGraph_-j_-d_3_-m_50000000_10000000,1500000,24,20 2,50.759399,49.90036,28.412094,27.890747,8.740128,7.07692,1.527692
322,-1,-1,1,2300000,bfs-randLocalGraph_-j_-d_3_-m_50000000_10000000,1500000,24,6 16,60.459045,56.622208,42.758942,39.050064,6.944016,6.657715,1.20412
323,-1,1,-1,2300000,bfs-randLocalGraph_-j_-d_3_-m_50000000_10000000,1500000,24,18 4,49.428513,49.296036,27.89711,27.909729,7.901169,7.380157,1.476712
324,-1,1,1,2300000,bfs-randLocalGraph_-j_-d_3_-m_50000000_10000000,1500000,24,2 20,59.590744,58.342453,42.367691,41.127029,6.655167,6.972748,1.172623
325,1,-1,1,2300000,bfs-randLocalGraph_-j_-d_3_-m_50000000_10000000,1500000,24,4 18,61.705658,58.104523,43.649658,40.253265,7.430084,6.694534,1.224294
326,-1,-1,-1,2300000,bfs-randLocalGraph_-j_-d_3_-m_50000000_10000000,1500000,24,127 0,52.454285,51.094696,29.043427,28.061127,8.929276,7.137497,1.600366
327,1,1,1,2300000,bfs-randLocalGraph_-j_-d_3_-m_50000000_10000000,1500000,24,0 127,58.027466,54.279816,41.186615,37.611649,6.870575,6.360352,1.142015
328,1,1,-1,2300000,bfs-randLocalGraph_-j_-d_3_-m_50000000_10000000,1500000,24,16 6,50.639465,49.57486,28.540451,27.833008,8.604095,6.922836,1.508439
329,-1,-1,1,2300000,bfs-randLocalGraph_-j_-d_3_-m_50000000_10000000,1500000,24,6 16,61.127045,57.07019,43.463226,39.749786,7.56601,6.083923,1.192447
330,1,1,1,2300000,bfs-randLocalGraph_-j_-d_3_-m_50000000_10000000,1500000,24,0 127,61.052124,56.973282,43.423309,39.594452,7.20488,6.299286,1.194139
331,1,1,-1,2300000,bfs-randLocalGraph_-j_-d_3_-m_50000000_10000000,1500000,24,16 6,50.602142,49.51651,28.508469,27.761383,8.579239,6.976761,1.508646
332,-1,-1,-1,2300000,bfs-randLocalGraph_-j_-d_3_-m_50000000_10000000,1500000,24,127 0,53.072372,51.459412,29.685837,28.395432,8.625641,7.458252,1.600125
333,-1,1,1,2300000,bfs-randLocalGraph_-j_-d_3_-m_50000000_10000000,1500000,24,2 20,58.789642,55.41275,41.802841,38.541901,6.690521,6.624039,1.153322
334,1,-1,1,2300000,bfs-randLocalGraph_-j_-d_3_-m_50000000_10000000,1500000,24,4 18,88.185013,75.782684,57.733643,46.055695,9.786804,8.438293,2.095448
335,1,-1,-1,2300000,bfs-randLocalGraph_-j_-d_3_-m_50000000_10000000,1500000,24,20 2,51.269608,51.302582,28.365265,28.678818,8.429245,7.526611,1.567807
336,-1,1,-1,2300000,bfs-randLocalGraph_-j_-d_3_-m_50000000_10000000,1500000,24,18 4,49.710373,48.996964,27.982635,27.71431,8.514954,6.613525,1.478832
337,1,1,-1,2300000,bfs-randLocalGraph_-j_-d_3_-m_50000000_10000000,1500000,24,16 6,51.017044,51.019363,28.54274,28.815628,8.469955,7.513489,1.537942
338,1,-1,-1,2300000,bfs-randLocalGraph_-j_-d_3_-m_50000000_10000000,1500000,24,20 2,51.183395,50.013321,28.664536,27.877502,8.77774,7.034302,1.537775
339,1,1,1,2300000,bfs-randLocalGraph_-j_-d_3_-m_50000000_10000000,1500000,24,0 127,60.940247,57.853226,43.051956,40.440094,7.881348,5.719513,1.204161
340,-1,-1,1,2300000,bfs-randLocalGraph_-j_-d_3_-m_50000000_10000000,1500000,24,6 16,56.490814,55.040085,39.867981,38.660858,7.019669,6.149033,1.122841
341,-1,1,1,2300000,bfs-randLocalGraph_-j_-d_3_-m_50000000_10000000,1500000,24,2 20,57.929153,56.968079,40.923828,40.117477,6.898849,6.600143,1.152448
342,1,-1,1,2300000,bfs-randLocalGraph_-j_-d_3_-m_50000000_10000000,1500000,24,4 18,61.873993,58.06839,43.964142,40.344193,7.387939,6.68634,1.214087
343,-1,1,-1,2300000,bfs-randLocalGraph_-j_-d_3_-m_50000000_10000000,1500000,24,18 4,51.740616,50.698151,29.072815,28.321655,8.493484,7.327011,1.549466
344,-1,-1,-1,2300000,bfs-randLocalGraph_-j_-d_3_-m_50000000_10000000,1500000,24,127 0,52.213074,50.993332,29.183823,28.406403,8.999191,7.027451,1.569749
345,1,1,-1,2300000,bfs-randLocalGraph_-j_-d_3_-m_50000000_10000000,1500000,24,16 6,50.590012,51.035645,28.273254,29.159454,8.925827,6.961899,1.51869
346,-1,1,1,2300000,bfs-randLocalGraph_-j_-d_3_-m_50000000_10000000,1500000,24,2 20,58.987778,54.777908,41.824356,37.797852,6.822113,6.496277,1.163829
347,1,-1,-1,2300000,bfs-randLocalGraph_-j_-d_3_-m_50000000_10000000,1500000,24,20 2,51.327133,50.133148,28.730148,27.992859,9.013504,6.952744,1.538098
348,1,1,1,2300000,bfs-randLocalGraph_-j_-d_3_-m_50000000_10000000,1500000,24,0 127,59.761108,58.57225,42.515747,41.36203,6.774612,7.027267,1.171811
349,-1,-1,1,2300000,bfs-randLocalGraph_-j_-d_3_-m_50000000_10000000,1500000,24,6 16,61.165466,57.563202,43.009262,39.841324,7.962967,5.975159,1.222951
350,-1,1,-1,2300000,bfs-randLocalGraph_-j_-d_3_-m_50000000_10000000,1500000,24,18 4,51.783951,50.766449,29.094009,28.428329,8.677994,7.141586,1.549321
351,1,-1,1,2300000,bfs-randLocalGraph_-j_-d_3_-m_50000000_10000000,1500000,24,4 18,60.124786,56.652771,42.544159,39.245071,7.076996,6.579941,1.192845
352,-1,-1,-1,2300000,bfs-randLocalGraph_-j_-d_3_-m_50000000_10000000,1500000,24,127 0,51.224701,51.554123,28.603027,29.137131,8.161804,7.718506,1.549288
353,1,1,1,2300000,bfs-randLocalGraph_-j_-d_3_-m_50000000_10000000,1500000,24,0 127,59.332825,55.669907,42.175095,38.689606,6.911438,6.592789,1.163379
354,1,-1,1,2300000,bfs-randLocalGraph_-j_-d_3_-m_50000000_10000000,1500000,24,4 18,59.065903,56.111069,41.86322,39.169785,7.185837,6.281479,1.162329
355,-1,-1,-1,2300000,bfs-randLocalGraph_-j_-d_3_-m_50000000_10000000,1500000,24,127 0,49.908401,50.013977,28.014084,28.360382,8.118683,7.42543,1.497248
356,1,-1,-1,2300000,bfs-randLocalGraph_-j_-d_3_-m_50000000_10000000,1500000,24,20 2,52.549179,51.379974,29.20282,28.544891,9.106934,6.788422,1.590058
357,-1,-1,1,2300000,bfs-randLocalGraph_-j_-d_3_-m_50000000_10000000,1500000,24,6 16,59.597626,56.089981,42.211334,39.07901,7.496368,5.904099,1.171916
358,-1,1,1,2300000,bfs-randLocalGraph_-j_-d_3_-m_50000000_10000000,1500000,24,2 20,59.03334,57.249512,41.853058,40.268188,7.015305,6.433105,1.163347
359,1,1,-1,2300000,bfs-randLocalGraph_-j_-d_3_-m_50000000_10000000,1500000,24,16 6,51.479935,50.214401,28.871872,27.861679,8.408585,7.194168,1.547788
360,-1,1,-1,2300000,bfs-randLocalGraph_-j_-d_3_-m_50000000_10000000,1500000,24,18 4,52.003906,51.071747,29.312134,28.49791,8.113083,7.85434,1.558419
361,-1,1,-1,2300000,bfs-randLocalGraph_-j_-d_3_-m_50000000_10000000,1500000,24,18 4,50.565186,49.587509,28.497375,27.850204,8.531113,6.974182,1.507027
362,1,-1,1,2300000,bfs-randLocalGraph_-j_-d_3_-m_50000000_10000000,1500000,24,4 18,59.776093,56.636749,42.443207,39.510803,7.185501,6.528229,1.173107
363,-1,-1,1,2300000,bfs-randLocalGraph_-j_-d_3_-m_50000000_10000000,1500000,24,6 16,57.522583,55.977341,40.806335,39.420258,6.831818,6.466156,1.132923
364,1,1,-1,2300000,bfs-randLocalGraph_-j_-d_3_-m_50000000_10000000,1500000,24,16 6,51.087357,49.961517,28.740875,27.924484,8.424576,7.090485,1.527071
365,1,1,1,2300000,bfs-randLocalGraph_-j_-d_3_-m_50000000_10000000,1500000,24,0 127,57.716995,56.567673,40.900726,39.851364,6.655212,6.555054,1.141949
366,-1,1,1,2300000,bfs-randLocalGraph_-j_-d_3_-m_50000000_10000000,1500000,24,2 20,60.799866,57.138763,42.965729,39.633209,7.473145,6.185776,1.203976
367,-1,-1,-1,2300000,bfs-randLocalGraph_-j_-d_3_-m_50000000_10000000,1500000,24,127 0,52.276947,50.917053,29.067093,28.225693,9.071152,6.796158,1.580541
368,1,-1,-1,2300000,bfs-randLocalGraph_-j_-d_3_-m_50000000_10000000,1500000,24,20 2,50.623245,50.932114,28.434326,28.956375,8.17923,7.613297,1.51888
369,1,1,-1,2300000,bfs-randLocalGraph_-j_-d_3_-m_50000000_10000000,1500000,24,16 6,51.743713,50.579147,29.06691,28.280853,8.942169,7.106979,1.547436
370,1,1,1,2300000,bfs-randLocalGraph_-j_-d_3_-m_50000000_10000000,1500000,24,0 127,69.110413,65.896606,47.104141,43.823212,7.209198,7.924591,1.520595
371,-1,-1,-1,2300000,bfs-randLocalGraph_-j_-d_3_-m_50000000_10000000,1500000,24,127 0,51.657928,50.509354,28.97023,28.17128,8.793915,7.128723,1.549789
372,-1,1,1,2300000,bfs-randLocalGraph_-j_-d_3_-m_50000000_10000000,1500000,24,2 20,58.352264,55.069733,41.458466,38.413284,7.060898,6.147949,1.14318
373,-1,1,-1,2300000,bfs-randLocalGraph_-j_-d_3_-m_50000000_10000000,1500000,24,18 4,51.258591,49.830627,28.766861,27.665985,8.609833,7.142654,1.537867
374,-1,-1,1,2300000,bfs-randLocalGraph_-j_-d_3_-m_50000000_10000000,1500000,24,6 16,59.317001,55.536102,41.989777,38.471893,7.25145,6.175873,1.172404
375,1,-1,-1,2300000,bfs-randLocalGraph_-j_-d_3_-m_50000000_10000000,1500000,24,20 2,50.79744,49.634567,28.394699,27.603867,8.651764,6.967361,1.529417
376,1,-1,1,2300000,bfs-randLocalGraph_-j_-d_3_-m_50000000_10000000,1500000,24,4 18,59.572861,56.954605,41.984116,39.539154,7.245148,6.583054,1.193015
377,1,1,-1,2300000,bfs-randLocalGraph_-j_-d_3_-m_50000000_10000000,1500000,24,16 6,52.498993,51.62706,29.371948,28.881683,8.921127,7.152634,1.579898
378,-1,1,-1,2300000,bfs-randLocalGraph_-j_-d_3_-m_50000000_10000000,1500000,24,18 4,52.75322,51.766312,29.412689,28.954926,9.277588,6.734512,1.590216
379,1,-1,-1,2300000,bfs-randLocalGraph_-j_-d_3_-m_50000000_10000000,1500000,24,20 2,50.734116,49.665543,28.312485,27.610168,8.688736,7.064774,1.529615
380,1,1,1,2300000,bfs-randLocalGraph_-j_-d_3_-m_50000000_10000000,1500000,24,0 127,59.907959,55.915497,42.306213,38.512802,7.115326,6.499908,1.194158
381,-1,-1,-1,2300000,bfs-randLocalGraph_-j_-d_3_-m_50000000_10000000,1500000,24,127 0,51.261993,50.160324,28.723129,28.034943,8.829544,6.987335,1.537466
382,-1,-1,1,2300000,bfs-randLocalGraph_-j_-d_3_-m_50000000_10000000,1500000,24,6 16,60.674881,56.759048,42.917587,39.233948,7.250381,6.467834,1.203867
383,-1,1,1,2300000,bfs-randLocalGraph_-j_-d_3_-m_50000000_10000000,1500000,24,2 20,59.832031,56.978241,42.397049,39.997559,7.866577,5.796875,1.172078
384,1,-1,1,2300000,bfs-randLocalGraph_-j_-d_3_-m_50000000_10000000,1500000,24,4 18,59.814453,56.015259,42.276413,38.795471,7.369171,6.306854,1.18334
385,-1,1,1,2300000,bfs-randLocalGraph_-j_-d_3_-m_50000000_10000000,1500000,24,2 20,59.384003,56.595184,41.99649,39.853943,8.288834,5.014832,1.162763
386,-1,1,-1,2300000,bfs-randLocalGraph_-j_-d_3_-m_50000000_10000000,1500000,24,18 4,51.476349,50.247421,28.840317,27.87941,8.365189,7.495422,1.549505
387,1,1,-1,2300000,bfs-randLocalGraph_-j_-d_3_-m_50000000_10000000,1500000,24,16 6,52.381897,50.832718,29.564651,28.409271,8.91301,7.14061,1.557522
388,1,-1,-1,2300000,bfs-randLocalGraph_-j_-d_3_-m_50000000_10000000,1500000,24,20 2,48.914917,48.808365,27.523575,27.562988,7.825867,7.449463,1.46652
389,-1,-1,-1,2300000,bfs-randLocalGraph_-j_-d_3_-m_50000000_10000000,1500000,24,127 0,51.119049,50.302048,28.673248,28.035233,8.129684,7.642136,1.539881
390,-1,-1,1,2300000,bfs-randLocalGraph_-j_-d_3_-m_50000000_10000000,1500000,24,6 16,62.198944,59.195465,44.264099,41.537201,7.588135,6.381638,1.213923
391,1,1,1,2300000,bfs-randLocalGraph_-j_-d_3_-m_50000000_10000000,1500000,24,0 127,58.794205,55.878357,41.750778,39.12532,7.182571,6.148972,1.152012
392,1,-1,1,2300000,bfs-randLocalGraph_-j_-d_3_-m_50000000_10000000,1500000,24,4 18,59.119965,55.373337,41.883942,38.159149,6.566467,7.141754,1.173422
393,1,-1,1,2300000,bfs-randLocalGraph_-j_-d_3_-m_50000000_10000000,1500000,24,4 18,60.196564,56.566833,42.779129,39.23259,6.867126,6.948288,1.182982
394,-1,1,1,2300000,bfs-randLocalGraph_-j_-d_3_-m_50000000_10000000,1500000,24,2 20,62.191269,58.431473,44.256577,40.742554,7.491577,6.638138,1.21389
395,1,-1,-1,2300000,bfs-randLocalGraph_-j_-d_3_-m_50000000_10000000,1500000,24,20 2,52.106735,51.453049,29.06958,28.890305,9.120804,7.114288,1.568282
396,-1,1,-1,2300000,bfs-randLocalGraph_-j_-d_3_-m_50000000_10000000,1500000,24,18 4,51.612976,51.570419,28.77356,29.085892,8.857407,7.559052,1.559414
397,1,1,-1,2300000,bfs-randLocalGraph_-j_-d_3_-m_50000000_10000000,1500000,24,16 6,50.615616,49.740234,28.576706,27.931015,8.153015,7.403595,1.509349
398,-1,-1,-1,2300000,bfs-randLocalGraph_-j_-d_3_-m_50000000_10000000,1500000,24,127 0,51.428833,50.304077,28.920731,28.092682,8.528564,7.163849,1.539418
399,-1,-1,1,2300000,bfs-randLocalGraph_-j_-d_3_-m_50000000_10000000,1500000,24,6 16,58.208084,56.384705,41.259491,39.495132,6.584763,6.857529,1.153168
400,1,1,1,2300000,bfs-randLocalGraph_-j_-d_3_-m_50000000_10000000,1500000,24,0 127,60.098434,56.913391,42.575943,39.762207,7.637817,5.96022,1.182551
