,L,N,high,input,low,nthreads,st,pkg0,pkg1,pp00,pp01,dram0,dram1,time
1,1,-1,2300000,-x 50 -y 50 -z 50,1500000,24,8192 2048,1030.065994,1013.618759,690.132874,679.803635,92.646896,66.032852,23.657116
2,1,1,2300000,-x 50 -y 50 -z 50,1500000,24,0 458721,992.234055,941.726379,692.384186,647.025177,81.346878,62.079544,20.838717
3,-1,-1,2300000,-x 50 -y 50 -z 50,1500000,24,458721 0,978.449387,965.752045,542.669296,535.034409,105.068542,85.624725,30.478323
4,-1,1,2300000,-x 50 -y 50 -z 50,1500000,24,2048 8192,1040.845078,1003.795914,599.080505,567.482834,106.236420,85.752808,30.864115
5,-1,1,2300000,-x 50 -y 50 -z 50,1500000,24,2048 8192,1024.844788,988.357834,597.097412,567.639755,108.111694,79.626541,29.797033
6,1,1,2300000,-x 50 -y 50 -z 50,1500000,24,0 458721,1100.674667,1046.782379,762.731186,714.711929,90.542694,66.590332,23.437548
7,1,-1,2300000,-x 50 -y 50 -z 50,1500000,24,8192 2048,1047.809677,1025.708130,706.066986,690.314682,91.719955,66.646973,23.652491
8,-1,-1,2300000,-x 50 -y 50 -z 50,1500000,24,458721 0,1024.854218,1002.800232,565.717667,549.073532,108.800049,90.704788,32.003399
9,1,-1,2300000,-x 50 -y 50 -z 50,1500000,24,8192 2048,946.962555,921.820923,644.948242,625.288803,82.249390,61.496521,20.877756
10,-1,-1,2300000,-x 50 -y 50 -z 50,1500000,24,458721 0,932.649353,910.839310,519.714493,502.237106,99.065063,86.067963,28.775198
11,-1,1,2300000,-x 50 -y 50 -z 50,1500000,24,2048 8192,924.702362,885.421173,547.375534,513.143295,92.752640,76.663605,26.229126
12,1,1,2300000,-x 50 -y 50 -z 50,1500000,24,0 458721,1101.543594,1055.287994,760.782639,721.051544,90.158920,68.430099,23.576574
13,-1,1,2300000,-x 50 -y 50 -z 50,1500000,24,2048 8192,1022.820709,978.505310,599.356262,561.407959,103.916946,81.046021,29.414343
14,-1,-1,2300000,-x 50 -y 50 -z 50,1500000,24,458721 0,1025.933258,1000.779160,567.352997,548.170029,108.845306,88.272598,31.950186
15,1,1,2300000,-x 50 -y 50 -z 50,1500000,24,0 458721,1072.560059,1033.577774,747.219498,715.628204,90.181992,61.904221,22.453085
16,1,-1,2300000,-x 50 -y 50 -z 50,1500000,24,8192 2048,989.366348,956.885010,668.423172,643.443695,88.133057,61.922409,22.155329
17,-1,-1,2300000,-x 50 -y 50 -z 50,1500000,24,458721 0,903.431183,885.564743,506.955597,493.715088,94.871384,84.202972,27.564377
18,1,-1,2300000,-x 50 -y 50 -z 50,1500000,24,8192 2048,1089.268051,1058.464890,726.646774,703.127533,94.898804,70.174469,25.087368
19,-1,1,2300000,-x 50 -y 50 -z 50,1500000,24,2048 8192,924.296249,884.810745,546.090149,511.703186,92.905579,78.071472,26.254642
20,1,1,2300000,-x 50 -y 50 -z 50,1500000,24,0 458721,1107.478775,1058.128738,765.662979,722.755829,89.185059,69.246475,23.660658
21,-1,-1,2300000,-x 50 -y 50 -z 50,1500000,24,458721 0,995.227905,974.759872,554.560699,539.978180,105.717422,87.893173,30.634506
22,1,1,2300000,-x 50 -y 50 -z 50,1500000,24,0 458721,1010.365707,956.423813,708.363403,660.112564,80.968445,65.215500,20.880407
23,1,-1,2300000,-x 50 -y 50 -z 50,1500000,24,8192 2048,1051.072327,1031.671127,708.981979,696.060165,91.149673,68.320847,23.667591
24,-1,1,2300000,-x 50 -y 50 -z 50,1500000,24,2048 8192,955.476730,913.160629,559.319778,524.070053,97.780273,78.348526,27.473932
25,1,-1,2300000,-x 50 -y 50 -z 50,1500000,24,8192 2048,1052.167755,1033.281189,709.944351,697.847885,91.148621,66.313431,23.665848
26,-1,1,2300000,-x 50 -y 50 -z 50,1500000,24,2048 8192,1050.550232,1008.185303,607.776337,572.993408,105.778763,85.040436,30.738913
27,-1,-1,2300000,-x 50 -y 50 -z 50,1500000,24,458721 0,992.169998,971.906433,551.837326,538.280075,105.852325,84.626419,30.584444
28,1,1,2300000,-x 50 -y 50 -z 50,1500000,24,0 458721,1096.809097,1045.809357,759.382767,713.910294,87.007553,71.714371,23.377232
29,1,1,2300000,-x 50 -y 50 -z 50,1500000,24,0 458721,973.450882,929.705902,688.527802,650.346497,78.967987,61.412628,19.657316
30,-1,-1,2300000,-x 50 -y 50 -z 50,1500000,24,458721 0,1014.605057,994.020477,560.544342,547.488144,108.891174,88.029037,31.534300
31,1,-1,2300000,-x 50 -y 50 -z 50,1500000,24,8192 2048,1045.088608,1026.676010,704.917236,692.628311,88.555588,69.455399,23.547245
32,-1,1,2300000,-x 50 -y 50 -z 50,1500000,24,2048 8192,1048.724762,1004.530624,608.737793,569.608505,101.927353,93.233780,30.621532
33,1,-1,2300000,-x 50 -y 50 -z 50,1500000,24,8192 2048,1047.407043,1028.643478,706.259888,693.662018,88.768906,69.803040,23.615292
34,1,1,2300000,-x 50 -y 50 -z 50,1500000,24,0 458721,1016.477631,962.749268,711.875885,663.415939,80.353210,65.124115,21.053585
35,-1,1,2300000,-x 50 -y 50 -z 50,1500000,24,2048 8192,926.589737,888.206131,547.734070,515.095322,93.497223,77.800018,26.300913
36,-1,-1,2300000,-x 50 -y 50 -z 50,1500000,24,458721 0,1014.295380,991.314148,559.379410,544.024414,109.577789,86.917236,31.589901
37,1,1,2300000,-x 50 -y 50 -z 50,1500000,24,0 458721,1065.180328,1026.278625,742.485107,708.759003,83.520187,68.836349,22.341290
38,1,-1,2300000,-x 50 -y 50 -z 50,1500000,24,8192 2048,1081.573669,1055.823761,723.184357,703.175278,91.715317,73.186783,24.839735
39,-1,-1,2300000,-x 50 -y 50 -z 50,1500000,24,458721 0,993.903046,973.134094,552.409561,539.535385,107.132828,83.964294,30.638885
40,-1,1,2300000,-x 50 -y 50 -z 50,1500000,24,2048 8192,1056.677063,1008.716171,613.879486,572.797562,107.630386,84.656174,30.751272
41,-1,1,2300000,-x 50 -y 50 -z 50,1500000,24,2048 8192,1017.453278,979.146561,595.175964,562.861633,102.108887,81.941696,29.343977
42,-1,-1,2300000,-x 50 -y 50 -z 50,1500000,24,458721 0,937.984589,914.669632,522.804474,506.475143,103.441208,78.556244,28.828127
43,1,1,2300000,-x 50 -y 50 -z 50,1500000,24,0 458721,970.689621,927.964905,684.798859,647.435471,78.263123,60.594070,19.737141
44,1,-1,2300000,-x 50 -y 50 -z 50,1500000,24,8192 2048,994.661896,963.063995,671.079132,647.062302,90.167953,61.322281,22.330912
45,-1,1,2300000,-x 50 -y 50 -z 50,1500000,24,2048 8192,924.581024,887.157806,546.180817,514.435608,94.360367,78.003677,26.245150
46,1,1,2300000,-x 50 -y 50 -z 50,1500000,24,0 458721,1065.823975,1027.745331,744.105469,712.333359,88.110168,64.179062,22.239141
47,-1,-1,2300000,-x 50 -y 50 -z 50,1500000,24,458721 0,991.192535,972.142059,551.514343,539.270798,106.593735,84.906845,30.533636
48,1,-1,2300000,-x 50 -y 50 -z 50,1500000,24,8192 2048,1252.665283,1210.059158,807.458420,772.822800,111.942978,86.026352,30.891102
49,1,1,2300000,-x 50 -y 50 -z 50,1500000,24,0 458721,1149.730560,1098.217194,790.597031,744.960983,94.444366,73.609695,24.886955
50,-1,1,2300000,-x 50 -y 50 -z 50,1500000,24,2048 8192,1056.568649,1011.891388,612.574692,576.159241,110.618790,84.469330,30.800463
51,-1,-1,2300000,-x 50 -y 50 -z 50,1500000,24,458721 0,996.553513,973.013901,555.145767,537.576508,107.468536,87.148453,30.693169
52,1,-1,2300000,-x 50 -y 50 -z 50,1500000,24,8192 2048,987.893234,955.890747,666.378983,641.249802,88.414398,65.690201,22.211870
53,1,-1,2300000,-x 50 -y 50 -z 50,1500000,24,8192 2048,1045.283203,1025.236496,705.433136,691.437241,89.283142,69.119629,23.529453
54,1,1,2300000,-x 50 -y 50 -z 50,1500000,24,0 458721,1117.972748,1067.001633,776.469803,733.271072,95.050293,63.701630,23.583702
55,-1,1,2300000,-x 50 -y 50 -z 50,1500000,24,2048 8192,1023.774414,982.638428,598.393082,565.080658,105.806961,81.032318,29.501562
56,-1,-1,2300000,-x 50 -y 50 -z 50,1500000,24,458721 0,1022.230942,997.483459,565.213806,546.696930,109.543091,90.928406,31.788065
57,-1,1,2300000,-x 50 -y 50 -z 50,1500000,24,2048 8192,927.042191,888.702606,548.562790,515.857178,95.325760,76.604568,26.261715
58,-1,-1,2300000,-x 50 -y 50 -z 50,1500000,24,458721 0,946.286362,921.124283,526.463974,509.317657,107.568695,77.561417,29.122396
59,1,-1,2300000,-x 50 -y 50 -z 50,1500000,24,8192 2048,952.641632,928.667679,647.489105,629.239288,83.662292,63.655243,21.081738
60,1,1,2300000,-x 50 -y 50 -z 50,1500000,24,0 458721,1105.870422,1059.847672,764.929794,724.913986,89.550720,69.356140,23.605259
61,1,1,2300000,-x 50 -y 50 -z 50,1500000,24,0 458721,1081.756226,1041.891998,755.221100,722.917557,91.786758,61.361420,22.522942
62,-1,1,2300000,-x 50 -y 50 -z 50,1500000,24,2048 8192,952.996262,910.184006,557.259644,520.260422,95.409439,79.776733,27.483654
63,-1,-1,2300000,-x 50 -y 50 -z 50,1500000,24,458721 0,904.762314,886.586945,507.275635,495.291733,97.997009,77.619019,27.572287
64,1,-1,2300000,-x 50 -y 50 -z 50,1500000,24,8192 2048,960.244675,935.982941,653.465988,636.369293,86.347488,59.207916,21.152248
65,-1,1,2300000,-x 50 -y 50 -z 50,1500000,24,2048 8192,1016.817474,979.508804,593.857285,562.902618,101.340057,82.615265,29.364296
66,1,-1,2300000,-x 50 -y 50 -z 50,1500000,24,8192 2048,1048.661255,1031.981186,708.523392,696.882690,85.714874,71.409683,23.587084
67,-1,-1,2300000,-x 50 -y 50 -z 50,1500000,24,458721 0,993.709244,974.108475,553.160294,540.130066,104.883453,87.023895,30.614925
68,1,1,2300000,-x 50 -y 50 -z 50,1500000,24,0 458721,1074.354706,1035.977814,749.592087,717.735428,89.010025,62.849762,22.441986
69,-1,-1,2300000,-x 50 -y 50 -z 50,1500000,24,458721 0,1008.423981,991.113922,563.407059,551.231323,102.132690,95.280441,30.985718
70,-1,1,2300000,-x 50 -y 50 -z 50,1500000,24,2048 8192,1051.201324,1008.111252,609.799072,573.823837,106.553329,83.768814,30.651838
71,1,1,2300000,-x 50 -y 50 -z 50,1500000,24,0 458721,1063.085648,1023.457230,742.123505,708.307770,85.906158,64.716904,22.199593
72,1,-1,2300000,-x 50 -y 50 -z 50,1500000,24,8192 2048,966.011749,940.883667,658.439346,640.191849,86.774017,58.743790,21.214445
73,1,-1,2300000,-x 50 -y 50 -z 50,1500000,24,8192 2048,1087.063278,1056.034271,729.148941,703.746948,90.039886,75.613373,24.808792
74,-1,-1,2300000,-x 50 -y 50 -z 50,1500000,24,458721 0,907.759476,887.823776,509.046860,496.138382,98.544159,78.761337,27.650522
75,-1,1,2300000,-x 50 -y 50 -z 50,1500000,24,2048 8192,1040.807663,1000.377014,601.904144,566.667603,101.826736,92.235886,30.539116
76,1,1,2300000,-x 50 -y 50 -z 50,1500000,24,0 458721,1063.660019,1024.363617,742.375809,707.893097,81.520859,69.585098,22.258436
77,-1,-1,2300000,-x 50 -y 50 -z 50,1500000,24,458721 0,931.613937,910.467575,517.194305,503.191269,101.978027,81.139938,28.742418
78,1,1,2300000,-x 50 -y 50 -z 50,1500000,24,0 458721,1072.141357,1034.064575,748.472092,717.052719,89.059113,64.169022,22.363594
79,1,-1,2300000,-x 50 -y 50 -z 50,1500000,24,8192 2048,989.205780,955.758881,670.622330,641.899170,83.598602,69.498230,22.062702
80,-1,1,2300000,-x 50 -y 50 -z 50,1500000,24,2048 8192,1021.640778,982.204895,597.360138,564.893799,103.485184,81.979736,29.455421
81,1,1,2300000,-x 50 -y 50 -z 50,1500000,24,0 458721,1099.759201,1052.973206,764.520782,724.109909,89.585526,66.377716,23.189323
82,1,-1,2300000,-x 50 -y 50 -z 50,1500000,24,8192 2048,955.135086,930.968323,652.392548,633.149796,81.511383,64.864227,20.931822
83,-1,-1,2300000,-x 50 -y 50 -z 50,1500000,24,458721 0,932.165848,911.141129,518.448883,503.662170,100.049393,84.389572,28.736923
84,-1,1,2300000,-x 50 -y 50 -z 50,1500000,24,2048 8192,928.141632,889.511642,548.468811,516.065308,93.611404,76.865784,26.322454
85,-1,-1,2300000,-x 50 -y 50 -z 50,1500000,24,458721 0,1020.967407,996.039368,565.728348,547.563034,109.643631,86.905380,31.638849
86,1,1,2300000,-x 50 -y 50 -z 50,1500000,24,0 458721,1065.754868,1027.022995,743.468658,710.994675,87.669617,65.116562,22.279516
87,1,-1,2300000,-x 50 -y 50 -z 50,1500000,24,8192 2048,999.460907,967.409393,672.871475,646.606049,87.394394,67.852478,22.597025
88,-1,1,2300000,-x 50 -y 50 -z 50,1500000,24,2048 8192,1029.410889,988.978577,602.415543,570.351608,106.227356,80.001022,29.597778
89,-1,-1,2300000,-x 50 -y 50 -z 50,1500000,24,458721 0,1027.559418,1003.075500,567.131943,549.382797,110.393616,88.442337,32.008381
90,1,1,2300000,-x 50 -y 50 -z 50,1500000,24,0 458721,1062.338837,1023.791489,741.111237,708.259186,84.412216,66.950333,22.222321
91,1,-1,2300000,-x 50 -y 50 -z 50,1500000,24,8192 2048,1091.136429,1063.039963,728.273270,707.851151,97.599945,68.910110,25.100540
92,-1,1,2300000,-x 50 -y 50 -z 50,1500000,24,2048 8192,924.283325,883.897125,546.289581,512.007080,92.613480,77.692413,26.215050
93,-1,1,2300000,-x 50 -y 50 -z 50,1500000,24,2048 8192,1036.356277,996.262283,600.474747,566.230988,103.258743,90.039139,30.302711
94,1,-1,2300000,-x 50 -y 50 -z 50,1500000,24,8192 2048,1046.493057,1027.349167,705.441925,693.348434,90.187241,66.250244,23.575144
95,1,1,2300000,-x 50 -y 50 -z 50,1500000,24,0 458721,1015.797668,961.176453,712.254990,663.524048,82.553207,61.923553,20.963219
96,-1,-1,2300000,-x 50 -y 50 -z 50,1500000,24,458721 0,992.111023,971.636368,552.095871,538.658157,105.882507,85.906921,30.554413
97,-1,1,2300000,-x 50 -y 50 -z 50,1500000,24,2048 8192,1051.621445,1008.505707,611.688660,575.669449,106.973724,83.668762,30.547516
98,1,1,2300000,-x 50 -y 50 -z 50,1500000,24,0 458721,1077.510864,1037.582397,753.160889,719.270630,86.234207,67.205170,22.432869
99,1,-1,2300000,-x 50 -y 50 -z 50,1500000,24,8192 2048,1083.017456,1054.157654,726.257263,704.736862,95.637024,69.588257,24.678352
100,-1,-1,2300000,-x 50 -y 50 -z 50,1500000,24,458721 0,991.133133,970.071426,551.443253,537.146317,104.882492,87.368546,30.548065
101,-1,1,2300000,-x 50 -y 50 -z 50,1500000,24,2048 8192,959.729340,910.960983,564.023544,520.785614,95.906662,80.073395,27.484018
102,1,-1,2300000,-x 50 -y 50 -z 50,1500000,24,8192 2048,955.466934,932.275833,651.099274,632.474350,78.400528,67.013824,21.069801
103,1,1,2300000,-x 50 -y 50 -z 50,1500000,24,0 458721,1006.513687,957.262634,705.998520,662.381042,81.638138,62.894592,20.766048
104,-1,-1,2300000,-x 50 -y 50 -z 50,1500000,24,458721 0,992.575790,971.428055,552.273315,538.412460,105.793274,87.136520,30.580540
105,1,1,2300000,-x 50 -y 50 -z 50,1500000,24,0 458721,1119.441177,1069.550995,774.637024,732.203705,94.090393,65.387100,23.824078
106,-1,1,2300000,-x 50 -y 50 -z 50,1500000,24,2048 8192,1014.636505,977.397583,592.035934,560.982391,100.424728,87.829544,29.364115
107,-1,-1,2300000,-x 50 -y 50 -z 50,1500000,24,458721 0,938.789764,913.916901,521.994141,503.433670,101.719574,82.364990,28.941593
108,1,-1,2300000,-x 50 -y 50 -z 50,1500000,24,8192 2048,962.164536,937.124039,653.924423,636.276184,87.165039,59.467743,21.242634
109,-1,-1,2300000,-x 50 -y 50 -z 50,1500000,24,458721 0,1259.937256,1239.378418,664.480530,649.685349,134.278931,123.219589,41.542370
110,1,1,2300000,-x 50 -y 50 -z 50,1500000,24,0 458721,1059.539886,1021.632492,738.833542,707.137024,86.260590,63.962799,22.168491
111,1,-1,2300000,-x 50 -y 50 -z 50,1500000,24,8192 2048,980.871445,953.424362,660.721237,640.061569,87.676773,63.108231,22.110058
112,-1,1,2300000,-x 50 -y 50 -z 50,1500000,24,2048 8192,1025.716721,985.238388,597.962555,564.529343,104.746063,83.154099,29.686251
113,1,1,2300000,-x 50 -y 50 -z 50,1500000,24,0 458721,1107.159348,1057.462021,767.334625,725.211823,92.532837,65.744308,23.485289
114,-1,1,2300000,-x 50 -y 50 -z 50,1500000,24,2048 8192,924.371475,886.485565,545.700195,514.001373,93.520035,77.742081,26.262531
115,-1,-1,2300000,-x 50 -y 50 -z 50,1500000,24,458721 0,1028.462738,1003.648514,568.251938,550.095276,110.496994,88.046585,31.997587
116,1,-1,2300000,-x 50 -y 50 -z 50,1500000,24,8192 2048,959.136627,935.729385,653.512787,634.748779,79.005081,67.649933,21.158092
117,-1,-1,2300000,-x 50 -y 50 -z 50,1500000,24,458721 0,1023.811829,1001.481094,563.969360,548.887894,110.411743,89.310211,31.950520
118,1,-1,2300000,-x 50 -y 50 -z 50,1500000,24,8192 2048,1049.095474,1029.633621,706.138977,693.696335,92.455307,66.516876,23.712214
119,1,1,2300000,-x 50 -y 50 -z 50,1500000,24,0 458721,1101.413681,1052.776855,763.276108,720.649628,89.360214,68.374557,23.402378
120,-1,1,2300000,-x 50 -y 50 -z 50,1500000,24,2048 8192,1019.875397,980.525085,595.374390,563.001373,102.914856,82.566528,29.467093
121,1,1,2300000,-x 50 -y 50 -z 50,1500000,24,0 458721,1014.228668,961.695801,709.661484,662.813858,83.168243,62.570831,21.043562
122,-1,-1,2300000,-x 50 -y 50 -z 50,1500000,24,458721 0,903.571259,884.660049,506.874191,494.527298,97.496490,77.825470,27.518517
123,1,-1,2300000,-x 50 -y 50 -z 50,1500000,24,8192 2048,989.911316,963.680313,665.830078,646.144836,88.085068,64.191177,22.402548
124,-1,1,2300000,-x 50 -y 50 -z 50,1500000,24,2048 8192,1012.374176,974.457825,591.177307,560.065979,101.092606,82.298126,29.242760
125,1,-1,2300000,-x 50 -y 50 -z 50,1500000,24,8192 2048,1086.379456,1059.512466,727.091095,706.436829,92.121292,71.824509,24.889368
126,-1,1,2300000,-x 50 -y 50 -z 50,1500000,24,2048 8192,1020.138733,980.924515,595.786072,564.238510,103.635849,81.083847,29.437342
127,-1,-1,2300000,-x 50 -y 50 -z 50,1500000,24,458721 0,1021.830002,998.401688,563.852570,546.574341,108.781982,89.244156,31.854780
128,1,1,2300000,-x 50 -y 50 -z 50,1500000,24,0 458721,971.590103,928.685501,686.841095,649.380859,79.208633,60.006439,19.653080
129,-1,-1,2300000,-x 50 -y 50 -z 50,1500000,24,458721 0,1041.287918,1015.904495,571.858170,555.710953,116.341354,85.022995,32.559338
130,1,1,2300000,-x 50 -y 50 -z 50,1500000,24,0 458721,1069.336090,1029.717819,745.660950,711.473938,84.001358,68.182480,22.400854
131,-1,1,2300000,-x 50 -y 50 -z 50,1500000,24,2048 8192,953.054092,912.853638,555.725311,521.652603,96.032501,80.697083,27.578211
132,1,-1,2300000,-x 50 -y 50 -z 50,1500000,24,8192 2048,1050.179337,1031.246765,708.036621,695.580704,90.830170,67.532394,23.664631
133,1,1,2300000,-x 50 -y 50 -z 50,1500000,24,0 458721,1028.062729,973.611954,718.632446,670.103287,83.663620,63.615860,21.388000
134,1,-1,2300000,-x 50 -y 50 -z 50,1500000,24,8192 2048,1054.108154,1032.421692,712.703079,697.170700,90.606064,68.204010,23.614384
135,-1,-1,2300000,-x 50 -y 50 -z 50,1500000,24,458721 0,1023.900360,1001.846863,564.283493,549.720917,110.387375,88.710693,31.930574
136,-1,1,2300000,-x 50 -y 50 -z 50,1500000,24,2048 8192,1015.709396,977.211792,593.268738,561.750549,103.075806,82.598083,29.316751
137,-1,1,2300000,-x 50 -y 50 -z 50,1500000,24,2048 8192,973.817734,931.462280,565.044235,528.738678,99.078735,81.088608,28.383524
138,-1,-1,2300000,-x 50 -y 50 -z 50,1500000,24,458721 0,903.935852,881.915802,508.907288,491.194885,95.197662,83.952408,27.477558
139,1,-1,2300000,-x 50 -y 50 -z 50,1500000,24,8192 2048,991.853561,960.491867,668.945801,643.993790,86.930618,65.342911,22.311647
140,1,1,2300000,-x 50 -y 50 -z 50,1500000,24,0 458721,1074.205154,1033.147476,749.218323,714.049835,87.347778,66.456146,22.475378
141,-1,-1,2300000,-x 50 -y 50 -z 50,1500000,24,458721 0,934.176025,913.822968,517.564194,503.106735,100.323868,88.585953,28.947052
142,1,1,2300000,-x 50 -y 50 -z 50,1500000,24,0 458721,1066.951874,1027.907394,743.923569,709.965958,83.069458,69.127457,22.366331
143,-1,1,2300000,-x 50 -y 50 -z 50,1500000,24,2048 8192,1050.754745,1009.826431,608.701920,575.379684,105.753250,84.999557,30.702070
144,1,-1,2300000,-x 50 -y 50 -z 50,1500000,24,8192 2048,1048.907043,1029.129120,708.385086,694.246063,88.333511,70.365692,23.590816
145,1,-1,2300000,-x 50 -y 50 -z 50,1500000,24,8192 2048,956.559235,932.328278,651.505341,632.457977,83.261703,65.634796,21.091835
146,-1,-1,2300000,-x 50 -y 50 -z 50,1500000,24,458721 0,932.440613,910.472015,517.677567,503.012054,102.550018,81.256073,28.772316
147,1,1,2300000,-x 50 -y 50 -z 50,1500000,24,0 458721,983.693314,942.421127,692.746857,657.139404,80.669601,59.770508,20.083265
148,-1,1,2300000,-x 50 -y 50 -z 50,1500000,24,2048 8192,958.342285,916.389725,561.503250,526.506729,96.871155,78.325516,27.524239
149,-1,-1,2300000,-x 50 -y 50 -z 50,1500000,24,458721 0,902.459991,883.090408,505.683502,492.037125,96.841080,80.704559,27.543650
150,-1,1,2300000,-x 50 -y 50 -z 50,1500000,24,2048 8192,1060.435608,1015.801331,617.431488,580.896133,109.823715,81.689728,30.740553
151,1,-1,2300000,-x 50 -y 50 -z 50,1500000,24,8192 2048,958.099930,932.652039,650.314926,630.618149,82.918655,65.244766,21.268393
152,1,1,2300000,-x 50 -y 50 -z 50,1500000,24,0 458721,1102.995789,1055.626755,764.624878,723.976089,90.546906,66.486374,23.405930
153,1,1,2300000,-x 50 -y 50 -z 50,1500000,24,0 458721,982.252197,936.499481,694.562180,654.812317,81.196381,58.176025,19.830597
154,1,-1,2300000,-x 50 -y 50 -z 50,1500000,24,8192 2048,1086.285080,1058.495178,729.220367,708.730499,95.881317,69.333450,24.703154
155,-1,1,2300000,-x 50 -y 50 -z 50,1500000,24,2048 8192,1023.069122,983.121765,599.250076,565.837952,102.711243,86.757736,29.444948
156,-1,-1,2300000,-x 50 -y 50 -z 50,1500000,24,458721 0,1035.119614,1009.794373,567.997238,549.743210,111.308075,90.088104,32.456665
157,1,-1,2300000,-x 50 -y 50 -z 50,1500000,24,8192 2048,1047.798187,1029.009796,706.253311,694.369293,90.586456,67.686386,23.615778
158,-1,1,2300000,-x 50 -y 50 -z 50,1500000,24,2048 8192,951.901413,912.449371,555.318222,522.249893,95.773682,81.617310,27.520086
159,-1,-1,2300000,-x 50 -y 50 -z 50,1500000,24,458721 0,993.208450,975.495514,552.021378,541.018204,106.761337,84.528915,30.638884
160,1,1,2300000,-x 50 -y 50 -z 50,1500000,24,0 458721,1103.726624,1053.739105,763.063522,718.631958,86.638229,71.212494,23.598455
161,-1,-1,2300000,-x 50 -y 50 -z 50,1500000,24,458721 0,991.379318,972.408798,551.200317,539.177490,106.599655,84.606506,30.566294
162,1,1,2300000,-x 50 -y 50 -z 50,1500000,24,0 458721,1114.414459,1064.184097,771.848267,728.511627,91.746460,66.055038,23.689869
163,1,-1,2300000,-x 50 -y 50 -z 50,1500000,24,8192 2048,955.453186,932.347504,652.076553,634.156113,82.146439,64.932999,20.972160
164,-1,1,2300000,-x 50 -y 50 -z 50,1500000,24,2048 8192,1049.179321,1007.182129,608.588669,574.453934,106.903610,83.654663,30.581476
165,-1,-1,2300000,-x 50 -y 50 -z 50,1500000,24,458721 0,907.400269,886.772888,508.094910,493.624451,98.713226,79.540558,27.721800
166,-1,1,2300000,-x 50 -y 50 -z 50,1500000,24,2048 8192,951.614700,908.608459,557.816940,520.334259,96.701218,79.664734,27.348261
167,1,1,2300000,-x 50 -y 50 -z 50,1500000,24,0 458721,970.626266,927.538651,685.645447,647.993668,78.972641,59.246460,19.672922
168,1,-1,2300000,-x 50 -y 50 -z 50,1500000,24,8192 2048,1079.712265,1053.143127,725.148911,704.924820,93.732101,70.723953,24.560181
169,1,-1,2300000,-x 50 -y 50 -z 50,1500000,24,8192 2048,1052.806854,1032.981735,711.162994,697.527649,91.696259,67.294739,23.637127
170,1,1,2300000,-x 50 -y 50 -z 50,1500000,24,0 458721,1258.416107,1179.811707,844.873077,773.201126,105.130295,81.175995,28.662773
171,-1,1,2300000,-x 50 -y 50 -z 50,1500000,24,2048 8192,1031.097748,993.706223,601.962448,571.038666,104.556992,83.718033,29.816381
172,-1,-1,2300000,-x 50 -y 50 -z 50,1500000,24,458721 0,1020.023132,998.083267,561.493454,547.240112,109.617493,88.157974,31.846972
173,-1,-1,2300000,-x 50 -y 50 -z 50,1500000,24,458721 0,991.691284,970.812347,551.734329,537.158630,106.354584,86.599487,30.564468
174,-1,1,2300000,-x 50 -y 50 -z 50,1500000,24,2048 8192,1055.253433,1008.151535,614.149750,572.922089,105.656754,89.009903,30.676138
175,1,1,2300000,-x 50 -y 50 -z 50,1500000,24,0 458721,1060.923569,1025.389786,739.919449,710.008728,83.977005,66.193314,22.209940
176,1,-1,2300000,-x 50 -y 50 -z 50,1500000,24,8192 2048,1086.496094,1058.727600,726.773605,706.138992,95.085861,70.540970,24.897861
177,-1,-1,2300000,-x 50 -y 50 -z 50,1500000,24,458721 0,911.997513,891.316528,510.873245,497.901459,103.148041,75.960587,27.783066
178,1,-1,2300000,-x 50 -y 50 -z 50,1500000,24,8192 2048,984.082947,952.676682,665.126785,639.386322,83.875290,67.910568,22.072496
179,1,1,2300000,-x 50 -y 50 -z 50,1500000,24,0 458721,1071.125473,1032.092300,747.053223,713.309341,84.453125,68.323929,22.430168
180,-1,1,2300000,-x 50 -y 50 -z 50,1500000,24,2048 8192,1044.040146,1000.590027,606.849289,571.618881,106.459473,83.304718,30.337683
181,1,1,2300000,-x 50 -y 50 -z 50,1500000,24,0 458721,971.378189,927.580414,686.991165,647.808807,75.500458,62.542953,19.651255
182,-1,-1,2300000,-x 50 -y 50 -z 50,1500000,24,458721 0,1025.396591,1001.826172,564.077698,548.152023,109.972031,88.352676,32.046623
183,1,-1,2300000,-x 50 -y 50 -z 50,1500000,24,8192 2048,1047.797318,1028.606918,707.047989,694.440170,90.436615,67.488724,23.570963
184,-1,1,2300000,-x 50 -y 50 -z 50,1500000,24,2048 8192,947.419067,907.182541,554.038422,520.345703,95.840103,78.208511,27.291571
185,-1,-1,2300000,-x 50 -y 50 -z 50,1500000,24,458721 0,1007.509064,984.339935,561.230774,545.132614,109.581787,82.493317,31.002958
186,1,1,2300000,-x 50 -y 50 -z 50,1500000,24,0 458721,1023.511154,971.452652,715.320190,670.144089,85.416885,61.307587,21.272556
187,1,-1,2300000,-x 50 -y 50 -z 50,1500000,24,8192 2048,966.455948,942.596283,657.460815,641.108459,88.783676,57.805389,21.295580
188,-1,1,2300000,-x 50 -y 50 -z 50,1500000,24,2048 8192,1043.537491,1003.268967,603.180939,569.431686,104.866989,88.221298,30.596298
189,1,1,2300000,-x 50 -y 50 -z 50,1500000,24,0 458721,971.963394,930.050964,687.196167,650.550446,78.428223,59.128860,19.662342
190,-1,-1,2300000,-x 50 -y 50 -z 50,1500000,24,458721 0,1019.317032,996.409134,561.809753,546.587189,109.230286,87.259262,31.769232
191,-1,1,2300000,-x 50 -y 50 -z 50,1500000,24,2048 8192,1019.531555,979.130783,595.001877,561.004272,102.988373,81.863113,29.476370
192,1,-1,2300000,-x 50 -y 50 -z 50,1500000,24,8192 2048,990.316177,960.897430,667.118912,643.735474,86.555008,65.454300,22.354649
193,-1,1,2300000,-x 50 -y 50 -z 50,1500000,24,2048 8192,1018.413544,979.767181,595.082199,563.058151,102.397873,82.421448,29.390778
194,1,1,2300000,-x 50 -y 50 -z 50,1500000,24,0 458721,1106.648315,1060.759338,765.894501,726.629807,91.278839,67.013794,23.574783
195,-1,-1,2300000,-x 50 -y 50 -z 50,1500000,24,458721 0,994.248154,973.830887,552.819382,539.138000,105.428436,85.623596,30.665691
196,1,-1,2300000,-x 50 -y 50 -z 50,1500000,24,8192 2048,1076.923508,1052.138977,719.502319,701.901978,92.736145,70.395294,24.730600
197,1,1,2300000,-x 50 -y 50 -z 50,1500000,24,0 458721,1062.429337,1026.683823,741.968567,712.081940,85.978882,64.047134,22.161652
198,-1,-1,2300000,-x 50 -y 50 -z 50,1500000,24,458721 0,1015.704498,995.270111,561.538376,547.048096,105.601883,93.398636,31.604744
199,-1,1,2300000,-x 50 -y 50 -z 50,1500000,24,2048 8192,1022.809204,980.653564,598.136154,562.123001,102.299179,82.221420,29.499361
200,1,-1,2300000,-x 50 -y 50 -z 50,1500000,24,8192 2048,1079.947311,1051.427124,723.520950,700.960724,89.760422,74.355850,24.694548
