,E,I,J,L,Q,high,input,low,nthreads,st,pkg0,pkg1,pp00,pp01,dram0,dram1,time
1,-1,-1,1,1,-1,2300000,25,1800000,24,4398616936448 9663676416,1806.388796,1775.486844,1175.401104,1163.162174,301.685900,218.328782,41.994051
2,1,1,1,-1,-1,2300000,25,1800000,24,4406636445696 1644167168,1794.027522,1766.643787,1197.940551,1190.124586,301.763964,210.806138,39.378237
3,-1,-1,-1,1,1,2300000,25,1800000,24,1644167168 4406636445696,1694.791199,1672.834579,1068.167327,1065.405041,301.539385,216.840577,41.573782
4,1,-1,1,-1,-1,2300000,25,1800000,24,4407173316608 1107296256,1735.926776,1707.947832,1130.260209,1121.511852,295.341001,209.916822,40.026381
5,-1,-1,1,1,1,2300000,25,1800000,24,570425344 4407710187520,1806.864577,1780.652146,1189.269316,1182.504146,301.879268,215.352052,40.780953
6,1,1,1,1,1,2300000,25,1800000,24,0 4408280612864,1835.614711,1789.587478,1269.811737,1243.168812,285.315733,198.268663,37.181480
7,-1,1,1,1,1,2300000,25,1800000,24,33554432 4408247058432,1852.193588,1845.497315,1249.885775,1257.105530,284.773604,232.986192,39.814709
8,1,1,-1,1,1,2300000,25,1800000,24,1073741824 4407206871040,1727.641742,1687.734907,1143.199156,1123.525924,286.616925,199.267902,38.489665
9,1,1,1,1,-1,2300000,25,1800000,24,4398046511104 10234101760,1871.905151,1827.358371,1285.668670,1262.000921,289.064606,204.649761,38.529224
10,-1,1,1,-1,1,2300000,25,1800000,24,8623489024 4399657123840,1663.780148,1633.702855,1100.148760,1089.649857,277.672286,194.496292,37.099881
11,1,-1,-1,1,-1,2300000,25,1800000,24,4399657123840 8623489024,1751.683242,1710.395093,1127.157519,1106.184127,299.429629,213.370147,41.214747
12,1,1,-1,1,-1,2300000,25,1800000,24,4399120252928 9160359936,1652.519468,1647.887757,1097.351288,1102.832184,253.780609,220.888978,36.805019
13,-1,-1,-1,-1,1,2300000,25,1800000,24,10234101760 4398046511104,1607.954898,1580.475216,977.758775,969.450728,300.447141,215.910279,41.699117
14,1,-1,-1,-1,1,2300000,25,1800000,24,10200547328 4398080065536,1647.295014,1598.419996,1037.087952,1007.571931,292.764313,208.370298,40.316375
15,1,1,1,-1,1,2300000,25,1800000,24,8589934592 4399690678272,1766.475478,1740.485814,1184.959581,1179.456635,292.372604,203.429353,38.196602
16,1,-1,-1,-1,-1,2300000,25,1800000,24,4408247058432 33554432,2026.565994,1939.540239,1226.059692,1160.720978,333.263552,244.849163,53.584897
17,-1,-1,1,-1,1,2300000,25,1800000,24,9160359936 4399120252928,1652.922869,1626.991106,1055.333361,1048.179673,285.008753,200.541381,39.568590
18,1,-1,1,-1,1,2300000,25,1800000,24,9126805504 4399153807360,1732.350706,1729.056735,1128.040968,1138.622905,281.356781,225.546404,40.081397
19,-1,-1,-1,-1,-1,2300000,25,1800000,24,4408280612864 0,1577.947556,1549.800734,950.076514,940.322115,291.085298,204.943116,41.790741
20,-1,-1,-1,1,-1,2300000,25,1800000,24,4399690678272 8589934592,1720.513947,1686.675188,1083.463622,1069.449967,306.895219,217.749453,42.207902
21,1,-1,1,1,1,2300000,25,1800000,24,536870912 4407743741952,1838.660905,1801.724352,1223.563766,1206.122921,294.523911,208.788758,40.712111
22,1,-1,1,1,-1,2300000,25,1800000,24,4398583382016 9697230848,1835.913221,1802.448349,1228.818146,1214.610291,298.373825,212.873977,40.035837
23,-1,1,-1,1,-1,2300000,25,1800000,24,4399153807360 9126805504,1682.522765,1649.139557,1091.648212,1077.289059,289.535324,204.284790,38.980157
24,1,-1,-1,1,1,2300000,25,1800000,24,1610612736 4406670000128,1787.714191,1750.795422,1155.903395,1139.056732,306.016063,217.547074,41.714715
25,-1,1,1,1,-1,2300000,25,1800000,24,4398080065536 10200547328,1811.084517,1767.435429,1227.634780,1203.274579,291.165053,204.471298,38.395756
26,1,1,-1,-1,-1,2300000,25,1800000,24,4407710187520 570425344,1683.290067,1645.871933,1081.414263,1063.500485,295.737599,208.268005,39.702469
27,-1,1,-1,-1,-1,2300000,25,1800000,24,4407743741952 536870912,1729.852067,1733.302138,1081.581055,1102.925034,307.565702,229.996196,42.964301
28,-1,1,1,-1,-1,2300000,25,1800000,24,4406670000128 1610612736,1742.150329,1711.561111,1144.561339,1132.773234,294.074888,211.507876,39.427176
29,-1,1,-1,-1,1,2300000,25,1800000,24,9697230848 4398583382016,1693.694628,1704.667157,1061.938134,1090.029420,301.446412,229.967602,41.816910
30,-1,-1,1,-1,-1,2300000,25,1800000,24,4407206871040 1073741824,1685.162186,1663.615628,1073.651183,1071.709046,298.259429,207.647327,40.413761
31,-1,1,-1,1,1,2300000,25,1800000,24,1107296256 4407173316608,1586.729322,1542.675780,1030.288634,1004.191406,270.613692,187.881974,36.817297
32,1,1,-1,-1,1,2300000,25,1800000,24,9663676416 4398616936448,1748.731953,1695.519758,1129.685729,1097.108518,308.141084,217.049868,40.758142
33,1,-1,-1,1,1,2300000,25,1800000,24,1610612736 4406670000128,1671.508314,1634.485642,1074.362379,1055.895353,287.443787,202.909255,39.500531
34,1,1,1,-1,1,2300000,25,1800000,24,8589934592 4399690678272,1724.362454,1714.755495,1162.845121,1164.204483,264.058824,229.144543,37.130105
35,-1,1,1,-1,-1,2300000,25,1800000,24,4406670000128 1610612736,1696.513764,1672.807314,1118.511477,1114.555314,287.983640,200.043868,38.052419
36,-1,1,-1,-1,-1,2300000,25,1800000,24,4407743741952 536870912,1628.218417,1593.412463,1025.292740,1009.290119,297.136002,206.041338,39.851105
37,-1,-1,1,-1,1,2300000,25,1800000,24,9160359936 4399120252928,1681.343946,1663.476196,1070.307728,1071.943118,296.853009,208.239186,40.391183
38,-1,-1,1,1,-1,2300000,25,1800000,24,4398616936448 9663676416,1784.421755,1774.326980,1170.533493,1172.407487,280.772946,235.069684,40.787222
39,1,1,-1,-1,1,2300000,25,1800000,24,9663676416 4398616936448,1696.217087,1651.909153,1097.408917,1073.309234,300.565446,208.131039,39.451813
40,1,1,1,-1,-1,2300000,25,1800000,24,4406636445696 1644167168,1769.313428,1817.926840,1182.199156,1244.190293,279.046951,225.195132,38.823551
41,1,-1,1,1,-1,2300000,25,1800000,24,4398583382016 9697230848,1853.730390,1817.203440,1237.367812,1221.523240,299.392150,208.254381,40.637449
42,-1,1,1,1,-1,2300000,25,1800000,24,4398080065536 10200547328,1798.252523,1766.702974,1216.185866,1204.784481,290.589887,200.438144,38.269291
43,-1,-1,-1,1,-1,2300000,25,1800000,24,4399690678272 8589934592,1640.978411,1609.765639,1033.936872,1021.589811,288.951675,203.953566,40.177339
44,-1,-1,1,1,1,2300000,25,1800000,24,570425344 4407710187520,1807.213514,1779.542447,1188.902923,1181.233872,303.139575,213.453075,40.785936
45,-1,-1,1,-1,-1,2300000,25,1800000,24,4407206871040 1073741824,1686.824877,1667.177947,1070.507842,1069.908496,292.789230,209.621481,40.757528
46,1,-1,-1,-1,-1,2300000,25,1800000,24,4408247058432 33554432,1662.015793,1634.443282,1036.800779,1029.039106,301.619325,213.993669,41.317742
47,1,-1,1,-1,-1,2300000,25,1800000,24,4407173316608 1107296256,1827.960572,1830.187608,1180.106614,1201.520036,307.066881,225.855390,42.843789
48,1,1,1,1,-1,2300000,25,1800000,24,4398046511104 10234101760,1938.824294,1895.169111,1330.381427,1308.012695,306.278074,211.376649,39.985896
49,-1,1,-1,1,1,2300000,25,1800000,24,1107296256 4407173316608,1681.529325,1636.607066,1096.954346,1070.742600,287.952709,203.933682,38.551612
50,1,-1,1,-1,1,2300000,25,1800000,24,9126805504 4399153807360,1763.416324,1747.000825,1155.439605,1151.477232,282.809329,240.970072,40.267470
51,-1,1,1,1,1,2300000,25,1800000,24,33554432 4408247058432,1680.281580,1640.842442,1137.142000,1114.999282,266.968791,190.307848,35.804944
52,1,1,-1,-1,-1,2300000,25,1800000,24,4407710187520 570425344,1698.357253,1649.993322,1092.516284,1064.032226,293.792988,206.095994,39.984276
53,1,-1,-1,1,-1,2300000,25,1800000,24,4399657123840 8623489024,1756.633848,1700.266666,1140.189941,1103.158598,297.587910,212.680909,40.695807
54,-1,1,-1,-1,1,2300000,25,1800000,24,9697230848 4398583382016,1674.090134,1637.113158,1049.334777,1033.018372,304.239058,214.249054,41.260008
55,-1,-1,-1,1,1,2300000,25,1800000,24,1644167168 4406636445696,1623.651155,1599.434176,1018.340529,1012.505112,288.757871,201.843675,40.113258
56,1,-1,1,1,1,2300000,25,1800000,24,536870912 4407743741952,1797.279695,1762.302536,1205.474475,1189.882537,287.310942,203.125981,39.019910
57,1,1,-1,1,-1,2300000,25,1800000,24,4399120252928 9160359936,1793.812745,1750.724489,1191.051166,1167.635710,297.412306,211.549591,39.691533
58,-1,-1,-1,-1,-1,2300000,25,1800000,24,4408280612864 0,1732.348634,1749.254896,1042.463745,1079.020065,322.338960,237.880828,45.783303
59,-1,1,1,-1,1,2300000,25,1800000,24,8623489024 4399657123840,1759.415835,1737.885328,1147.162963,1144.250314,297.631938,211.932695,40.473102
60,-1,-1,-1,-1,1,2300000,25,1800000,24,10234101760 4398046511104,1635.644501,1612.123141,993.252011,989.297637,309.590701,219.195862,42.569502
61,1,1,1,1,1,2300000,25,1800000,24,0 4408280612864,1879.843721,1830.944705,1294.662946,1265.968479,296.811873,201.849762,38.499264
62,-1,1,-1,1,-1,2300000,25,1800000,24,4399153807360 9126805504,1648.198730,1612.736985,1072.526567,1055.964020,281.655579,198.107802,37.955674
63,1,1,-1,1,1,2300000,25,1800000,24,1073741824 4407206871040,2061.527649,2027.717424,1336.130878,1322.573259,318.168103,234.777132,48.291609
64,1,-1,-1,-1,1,2300000,25,1800000,24,10200547328 4398080065536,1654.149382,1650.077333,1036.486678,1045.137715,283.338652,238.656617,41.062961
65,-1,-1,-1,-1,-1,2300000,25,1800000,24,4408280612864 0,1578.895523,1557.802353,959.012694,956.200073,295.316117,212.332744,41.099158
66,-1,1,1,1,-1,2300000,25,1800000,24,4398080065536 10200547328,1794.209353,1757.967229,1214.369156,1197.722352,289.632037,203.286955,38.175616
67,-1,1,-1,1,1,2300000,25,1800000,24,1107296256 4407173316608,1751.858143,1700.473786,1142.550982,1110.310550,297.733458,213.616743,40.208854
68,1,-1,-1,1,-1,2300000,25,1800000,24,4399657123840 8623489024,1854.630724,1817.017988,1197.730087,1181.097196,319.291047,231.584687,43.301313
69,-1,-1,-1,-1,1,2300000,25,1800000,24,10234101760 4398046511104,1593.252504,1564.873839,962.811703,952.885629,291.725908,212.158267,41.866666
70,-1,1,1,-1,1,2300000,25,1800000,24,8623489024 4399657123840,1744.958462,1709.448976,1150.538195,1134.766435,294.315579,211.289981,39.149149
71,-1,-1,-1,1,1,2300000,25,1800000,24,1644167168 4406636445696,1619.936954,1622.014113,1011.138903,1023.882553,268.132022,231.883891,40.643045
72,-1,1,-1,-1,-1,2300000,25,1800000,24,4407743741952 536870912,1703.138154,1668.969974,1075.608488,1061.601168,312.508377,222.636335,41.354100
73,-1,-1,1,-1,-1,2300000,25,1800000,24,4407206871040 1073741824,1761.997495,1738.642276,1118.979464,1114.789021,308.803315,225.167357,42.499111
74,1,1,-1,1,-1,2300000,25,1800000,24,4399120252928 9160359936,1732.333722,1734.420795,1152.617312,1164.449919,268.683932,237.313080,38.439697
75,-1,1,1,-1,-1,2300000,25,1800000,24,4406670000128 1610612736,1715.068478,1690.183254,1130.117651,1124.794587,290.891390,204.702011,38.491256
76,-1,-1,1,1,1,2300000,25,1800000,24,570425344 4407710187520,1859.233994,1829.190353,1226.552902,1208.180405,284.434816,248.511094,41.994274
77,1,-1,-1,-1,1,2300000,25,1800000,24,10200547328 4398080065536,1656.446521,1619.198957,1034.220106,1016.880782,297.676147,211.515657,41.137578
78,-1,1,-1,1,-1,2300000,25,1800000,24,4399153807360 9126805504,1723.327010,1683.191070,1119.577515,1099.023589,294.186218,208.164504,39.869213
79,1,-1,1,-1,-1,2300000,25,1800000,24,4407173316608 1107296256,1743.452576,1716.920412,1136.277053,1129.627791,295.918621,207.254290,40.046667
80,-1,1,-1,-1,1,2300000,25,1800000,24,9697230848 4398583382016,1736.337417,1737.420811,1084.602426,1102.981354,305.987963,234.444353,43.213803
81,1,-1,-1,1,1,2300000,25,1800000,24,1610612736 4406670000128,1700.831022,1661.827624,1096.003125,1075.812305,289.509887,205.715975,40.015567
82,1,1,-1,-1,1,2300000,25,1800000,24,9663676416 4398616936448,1691.120670,1654.861113,1091.426068,1075.397259,297.456498,208.840379,39.489425
83,-1,-1,1,1,-1,2300000,25,1800000,24,4398616936448 9663676416,1826.969298,1808.860777,1200.775042,1196.806274,282.382886,232.763703,41.583765
84,1,1,1,1,-1,2300000,25,1800000,24,4398046511104 10234101760,1885.056946,1844.488872,1302.158841,1281.348811,291.868573,210.167985,38.256830
85,1,1,1,-1,-1,2300000,25,1800000,24,4406636445696 1644167168,1742.575103,1695.179733,1178.930800,1151.037217,279.072343,195.574155,37.064662
86,1,1,-1,1,1,2300000,25,1800000,24,1073741824 4407206871040,1727.960591,1676.083116,1158.623138,1126.908709,283.584716,198.819610,37.390465
87,-1,-1,1,-1,1,2300000,25,1800000,24,9160359936 4399120252928,1772.548204,1731.863865,1126.372361,1104.881943,302.945943,222.359104,42.801074
88,1,-1,1,-1,1,2300000,25,1800000,24,9126805504 4399153807360,1747.923046,1720.001009,1137.013842,1128.694261,298.238330,210.324309,40.327214
89,1,-1,-1,-1,-1,2300000,25,1800000,24,4408247058432 33554432,1669.770034,1620.165952,1048.770371,1018.956909,299.825210,213.022215,41.046838
90,-1,-1,-1,1,-1,2300000,25,1800000,24,4399690678272 8589934592,1628.129301,1598.243700,1022.913296,1011.026280,288.453538,205.650023,40.126775
91,1,-1,1,1,1,2300000,25,1800000,24,536870912 4407743741952,1815.775088,1769.125369,1212.494735,1184.296266,290.437653,207.684598,39.881241
92,1,1,1,-1,1,2300000,25,1800000,24,8589934592 4399690678272,1797.272308,1753.155547,1210.245469,1187.057429,296.667527,206.464710,38.535405
93,-1,1,1,1,1,2300000,25,1800000,24,33554432 4408247058432,1683.843615,1656.109313,1135.590119,1126.589901,267.919752,188.494583,36.107384
94,1,-1,1,1,-1,2300000,25,1800000,24,4398583382016 9697230848,1774.904142,1733.254501,1184.369085,1163.023731,282.800678,198.129929,38.943846
95,1,1,1,1,1,2300000,25,1800000,24,0 4408280612864,1901.135147,1868.446745,1310.440979,1299.002286,300.518980,212.392499,38.706847
96,1,1,-1,-1,-1,2300000,25,1800000,24,4407710187520 570425344,1636.599608,1630.339006,1057.170272,1061.611984,265.774539,229.226552,38.454903
97,-1,-1,1,1,-1,2300000,25,1800000,24,4398616936448 9663676416,1726.547651,1702.037412,1126.294132,1120.792571,287.784714,202.356478,39.675983
98,-1,-1,-1,1,-1,2300000,25,1800000,24,4399690678272 8589934592,1672.439128,1631.337202,1055.221131,1032.900330,293.524795,211.528430,40.850081
99,1,-1,1,1,-1,2300000,25,1800000,24,4398583382016 9697230848,1782.770951,1749.640896,1191.973374,1178.578076,285.888397,200.942503,38.970286
100,1,-1,-1,-1,-1,2300000,25,1800000,24,4408247058432 33554432,1641.839370,1606.698835,1024.857758,1008.576117,295.672852,210.289472,40.829500
101,1,1,1,1,-1,2300000,25,1800000,24,4398046511104 10234101760,1750.998091,1709.354112,1209.205823,1186.376558,270.482332,186.296325,35.622570
102,-1,-1,-1,-1,1,2300000,25,1800000,24,10234101760 4398046511104,1639.079912,1631.832257,977.151369,989.385100,302.623611,216.708447,44.005234
103,1,1,-1,-1,-1,2300000,25,1800000,24,4407710187520 570425344,1627.150285,1582.285858,1053.441210,1026.619830,280.434009,197.167570,37.908913
104,-1,1,-1,-1,1,2300000,25,1800000,24,9697230848 4398583382016,1615.261031,1585.649823,1018.659693,1008.456266,290.739011,205.518248,39.412902
105,-1,1,1,-1,1,2300000,25,1800000,24,8623489024 4399657123840,1669.171417,1635.826614,1103.324193,1088.875990,278.112613,194.514495,37.291211
106,-1,1,1,1,1,2300000,25,1800000,24,33554432 4408247058432,1697.547336,1684.022644,1151.616380,1148.014328,250.381111,218.640704,36.188875
107,-1,-1,1,1,1,2300000,25,1800000,24,570425344 4407710187520,1768.677734,1737.078709,1162.537686,1150.690157,292.131881,207.572051,39.987429
108,1,-1,-1,1,1,2300000,25,1800000,24,1610612736 4406670000128,1681.068180,1641.280611,1083.379303,1062.991270,285.744705,201.040387,39.481447
109,-1,-1,1,-1,1,2300000,25,1800000,24,9160359936 4399120252928,1655.448657,1633.264788,1056.042114,1052.808132,286.208606,203.830034,39.613148
110,1,1,1,1,1,2300000,25,1800000,24,0 4408280612864,2233.028169,2210.858519,1470.049328,1469.062165,318.766708,238.168047,50.932805
111,1,1,1,-1,1,2300000,25,1800000,24,8589934592 4399690678272,1795.748027,1783.864531,1207.962744,1210.206161,278.719602,229.504743,38.802701
112,1,1,-1,1,1,2300000,25,1800000,24,1073741824 4407206871040,1771.979793,1733.736233,1153.264576,1134.610214,290.936920,206.474624,40.911436
113,1,1,1,-1,-1,2300000,25,1800000,24,4406636445696 1644167168,1638.816163,1632.666780,1109.184722,1113.516359,242.808717,209.639908,35.081085
114,-1,1,-1,1,-1,2300000,25,1800000,24,4399153807360 9126805504,1727.061204,1682.215130,1125.270555,1100.843524,294.498244,206.031221,39.639870
115,-1,-1,1,-1,-1,2300000,25,1800000,24,4407206871040 1073741824,1724.008633,1696.375441,1102.023501,1094.532592,302.995196,214.579967,41.039793
116,-1,-1,-1,1,1,2300000,25,1800000,24,1644167168 4406636445696,1717.821047,1733.663178,1076.937624,1110.211196,296.227371,223.744633,42.553493
117,1,-1,1,1,1,2300000,25,1800000,24,536870912 4407743741952,1818.174360,1777.610536,1212.686034,1191.842834,291.300706,203.767944,40.000012
118,-1,1,1,1,-1,2300000,25,1800000,24,4398080065536 10200547328,1799.955859,1757.133205,1217.692721,1194.719040,287.498276,200.204269,38.338342
119,1,-1,1,-1,-1,2300000,25,1800000,24,4407173316608 1107296256,1677.477476,1671.883894,1097.498795,1101.954028,260.880127,227.047335,38.549331
120,-1,1,1,-1,-1,2300000,25,1800000,24,4406670000128 1610612736,1681.998471,1685.665743,1106.436755,1123.780582,269.689390,217.946642,38.088156
121,1,-1,1,-1,1,2300000,25,1800000,24,9126805504 4399153807360,1724.356521,1726.041778,1112.424825,1128.501253,273.074264,223.396043,40.658393
122,-1,1,-1,-1,-1,2300000,25,1800000,24,4407743741952 536870912,1674.962312,1672.344848,1051.870495,1061.145386,289.091385,243.516707,41.392152
123,1,1,-1,1,-1,2300000,25,1800000,24,4399120252928 9160359936,1836.279205,1794.831300,1222.084337,1201.471080,307.873948,216.323683,40.392505
124,1,-1,-1,1,-1,2300000,25,1800000,24,4399657123840 8623489024,1823.524611,1775.568676,1175.726209,1149.390109,310.856646,218.720211,42.766675
125,-1,1,-1,1,1,2300000,25,1800000,24,1107296256 4407173316608,1708.828364,1705.599139,1112.869263,1120.716160,275.171128,236.885103,39.542123
126,1,1,-1,-1,1,2300000,25,1800000,24,9663676416 4398616936448,1698.090572,1654.719515,1104.031707,1080.731552,297.051393,209.174029,39.107381
127,1,-1,-1,-1,1,2300000,25,1800000,24,10200547328 4398080065536,1608.000824,1576.260498,1003.909304,990.216748,288.555910,207.459775,39.983131
128,-1,-1,-1,-1,-1,2300000,25,1800000,24,4408280612864 0,1685.968350,1695.165041,1015.069201,1040.206959,306.995392,241.656084,44.644538
129,-1,-1,1,1,1,2300000,25,1800000,24,570425344 4407710187520,1784.682803,1771.669327,1174.387680,1173.603165,279.282681,234.417494,40.541328
130,-1,-1,-1,-1,1,2300000,25,1800000,24,10234101760 4398046511104,1653.584203,1668.698106,1002.315934,1031.649965,301.699949,242.583042,43.284693
131,1,1,-1,-1,-1,2300000,25,1800000,24,4407710187520 570425344,1716.698531,1710.673446,1092.243959,1097.476014,282.234175,238.411009,41.606459
132,-1,-1,1,-1,-1,2300000,25,1800000,24,4407206871040 1073741824,1681.847352,1647.744748,1076.719178,1061.498672,293.391618,206.477964,40.035611
133,-1,1,1,-1,1,2300000,25,1800000,24,8623489024 4399657123840,1762.253511,1751.838911,1156.734227,1161.218735,287.760234,231.133043,40.059192
134,-1,1,1,1,-1,2300000,25,1800000,24,4398080065536 10200547328,1809.880632,1779.543764,1223.760742,1212.794236,294.711135,207.929255,38.552661
135,1,1,1,-1,-1,2300000,25,1800000,24,4406636445696 1644167168,1862.050884,1817.175719,1246.695628,1223.203685,307.830520,217.614548,40.424457
136,-1,1,-1,1,-1,2300000,25,1800000,24,4399153807360 9126805504,1688.453120,1650.843982,1098.517269,1080.922837,290.568238,203.427290,38.869713
137,1,1,1,1,-1,2300000,25,1800000,24,4398046511104 10234101760,1913.514403,1872.286849,1314.351514,1294.700899,303.155576,210.247996,39.299108
138,-1,-1,1,1,-1,2300000,25,1800000,24,4398616936448 9663676416,1742.725084,1707.621276,1142.660433,1127.216261,288.078459,206.266706,39.578897
139,1,1,-1,1,-1,2300000,25,1800000,24,4399120252928 9160359936,1804.955047,1755.214230,1198.974459,1169.930713,299.338103,211.251035,39.848704
140,-1,-1,-1,-1,-1,2300000,25,1800000,24,4408280612864 0,1711.709596,1679.143371,1042.256653,1030.857697,324.890792,234.441012,44.209216
141,1,1,-1,1,1,2300000,25,1800000,24,1073741824 4407206871040,1808.717866,1765.654968,1206.052215,1183.976182,302.763873,214.302306,39.594650
142,1,-1,1,1,1,2300000,25,1800000,24,536870912 4407743741952,1848.365611,1810.774216,1233.422577,1216.511446,300.636769,213.243270,40.514682
143,-1,1,1,1,1,2300000,25,1800000,24,33554432 4408247058432,1933.982424,1926.446192,1307.791548,1320.193801,304.169251,226.068631,41.224017
144,-1,-1,-1,1,-1,2300000,25,1800000,24,4399690678272 8589934592,1681.549728,1684.569322,1054.221401,1070.392942,282.856430,235.825452,41.719734
145,1,1,1,-1,1,2300000,25,1800000,24,8589934592 4399690678272,1764.711303,1735.029191,1186.541645,1177.072279,292.452268,204.252624,37.974030
146,1,-1,1,1,-1,2300000,25,1800000,24,4398583382016 9697230848,1882.104841,1848.135850,1253.853899,1241.441255,306.516004,216.230897,41.367391
147,-1,1,1,-1,-1,2300000,25,1800000,24,4406670000128 1610612736,1731.549517,1719.282763,1141.988650,1141.937442,276.899396,234.935421,38.988237
148,-1,-1,1,-1,1,2300000,25,1800000,24,9160359936 4399120252928,1743.510711,1721.952896,1110.216829,1109.427122,310.455598,219.481458,41.748658
149,1,-1,1,-1,-1,2300000,25,1800000,24,4407173316608 1107296256,1780.667332,1749.796434,1155.552557,1144.196461,301.798875,217.128249,41.274436
150,1,-1,-1,1,-1,2300000,25,1800000,24,4399657123840 8623489024,1761.964096,1724.632295,1134.763902,1117.891983,305.368515,214.113234,41.406871
151,-1,1,-1,1,1,2300000,25,1800000,24,1107296256 4407173316608,1700.358525,1689.925018,1103.639877,1104.235823,274.759981,235.324633,39.643189
152,1,-1,1,-1,1,2300000,25,1800000,24,9126805504 4399153807360,1747.241777,1710.466857,1138.166904,1120.869783,298.017488,211.744094,40.176542
153,-1,1,-1,-1,-1,2300000,25,1800000,24,4407743741952 536870912,1613.085740,1581.249008,1016.046265,1003.407426,292.886950,206.503651,39.423176
154,1,-1,-1,-1,1,2300000,25,1800000,24,10200547328 4398080065536,1684.755922,1652.521366,1050.809692,1039.054746,308.458741,216.789368,41.883728
155,-1,1,-1,-1,1,2300000,25,1800000,24,9697230848 4398583382016,1544.071946,1547.123521,975.172426,987.750825,261.159225,227.174725,37.847885
156,1,1,-1,-1,1,2300000,25,1800000,24,9663676416 4398616936448,1619.858582,1601.914643,1041.575848,1042.018680,284.123154,199.303286,38.200002
157,1,-1,-1,1,1,2300000,25,1800000,24,1610612736 4406670000128,1942.727051,1853.877567,1233.975279,1164.874726,308.314621,221.947115,47.327006
158,1,-1,-1,-1,-1,2300000,25,1800000,24,4408247058432 33554432,1723.664123,1686.625902,1066.164243,1050.084945,312.199220,221.785878,43.563666
159,1,1,1,1,1,2300000,25,1800000,24,0 4408280612864,1848.176835,1808.646983,1271.062973,1251.595304,291.155551,204.019976,37.896136
160,-1,-1,-1,1,1,2300000,25,1800000,24,1644167168 4406636445696,1630.912068,1632.983950,1020.340513,1033.453231,270.866989,235.759016,40.667634
1,-1,-1,1,1,-1,2300000,25,1800000,24,4398616936448 9663676416,1722.521564,1681.432240,1133.180585,1111.244203,283.419056,201.014602,38.928771
2,1,1,1,-1,-1,2300000,25,1800000,24,4406636445696 1644167168,1706.209840,1704.321491,1150.641006,1159.796233,260.531111,228.711700,36.723053
3,-1,-1,-1,1,1,2300000,25,1800000,24,1644167168 4406636445696,1715.467881,1660.847613,1085.382205,1050.890761,298.406906,215.536786,41.661460
4,1,-1,1,-1,-1,2300000,25,1800000,24,4407173316608 1107296256,1712.288740,1678.255813,1118.123477,1103.193072,284.600254,206.891309,39.223655
5,-1,-1,1,1,1,2300000,25,1800000,24,570425344 4407710187520,1814.834840,1779.787018,1195.163785,1179.690644,299.630340,221.574096,40.867802
6,1,1,1,1,1,2300000,25,1800000,24,0 4408280612864,1786.879226,1754.354496,1231.035702,1218.596894,279.293379,198.514037,36.469578
7,-1,1,1,1,1,2300000,25,1800000,24,33554432 4408247058432,1792.876525,1755.814958,1204.367173,1187.477785,284.686919,205.094668,38.763197
8,1,1,-1,1,1,2300000,25,1800000,24,1073741824 4407206871040,1672.055893,1633.290072,1108.728042,1089.211902,276.017245,195.973404,37.096002
9,1,1,1,1,-1,2300000,25,1800000,24,4398046511104 10234101760,1839.348644,1794.284533,1271.855392,1247.328745,286.158052,200.592209,37.231065
10,-1,1,1,-1,1,2300000,25,1800000,24,8623489024 4399657123840,1656.079684,1626.356340,1095.005678,1084.395492,276.484617,196.473541,36.925619
11,1,-1,-1,1,-1,2300000,25,1800000,24,4399657123840 8623489024,1769.615497,1722.528154,1134.227023,1107.268939,301.636539,215.380828,41.981449
12,1,1,-1,1,-1,2300000,25,1800000,24,4399120252928 9160359936,1663.273815,1645.286619,1107.226408,1100.010329,256.639828,219.236206,36.886018
13,-1,-1,-1,-1,1,2300000,25,1800000,24,10234101760 4398046511104,1658.530425,1629.025467,1010.231658,1000.733338,313.473766,224.680676,42.885756
14,1,-1,-1,-1,1,2300000,25,1800000,24,10200547328 4398080065536,1624.553008,1595.715894,1011.067504,1001.387481,296.211686,209.246095,40.609919
15,1,1,1,-1,1,2300000,25,1800000,24,8589934592 4399690678272,1793.939223,1754.285325,1197.898853,1178.861405,294.753069,203.881091,39.288336
16,1,-1,-1,-1,-1,2300000,25,1800000,24,4408247058432 33554432,1683.043562,1649.722057,1049.310623,1036.703480,306.830093,218.007371,41.865706
17,-1,-1,1,-1,1,2300000,25,1800000,24,9160359936 4399120252928,1759.748521,1744.542878,1124.346707,1122.680814,296.415555,244.718719,42.194535
18,1,-1,1,-1,1,2300000,25,1800000,24,9126805504 4399153807360,1739.483065,1695.371934,1143.969144,1119.658567,296.175966,209.175296,39.244428
19,-1,-1,-1,-1,-1,2300000,25,1800000,24,4408280612864 0,1588.474778,1557.785387,965.755723,952.767533,293.391987,214.424272,41.343857
20,-1,-1,-1,1,-1,2300000,25,1800000,24,4399690678272 8589934592,1587.955349,1551.358781,994.855268,976.907575,280.183257,197.108765,39.341934
21,1,-1,1,1,1,2300000,25,1800000,24,536870912 4407743741952,1892.320893,1866.713119,1271.138959,1259.292529,286.895249,238.124370,41.176468
22,1,-1,1,1,-1,2300000,25,1800000,24,4398583382016 9697230848,1832.258530,1791.093402,1218.479261,1196.692824,294.253526,210.697846,40.541337
23,-1,1,-1,1,-1,2300000,25,1800000,24,4399153807360 9126805504,1756.845838,1714.432299,1146.257354,1123.821688,302.160232,214.405291,40.219127
24,1,-1,-1,1,1,2300000,25,1800000,24,1610612736 4406670000128,1726.731491,1687.892288,1110.240430,1091.124712,294.581973,212.688415,40.721368
25,-1,1,1,1,-1,2300000,25,1800000,24,4398080065536 10200547328,1810.985610,1785.563158,1224.033389,1219.355514,294.743334,208.252138,38.555032
26,1,1,-1,-1,-1,2300000,25,1800000,24,4407710187520 570425344,1677.236081,1677.578325,1076.197613,1091.135942,277.432633,225.719375,39.821872
27,-1,1,-1,-1,-1,2300000,25,1800000,24,4407743741952 536870912,1622.022186,1585.381463,1024.139873,1007.298905,292.010756,204.280169,39.469936
28,-1,1,1,-1,-1,2300000,25,1800000,24,4406670000128 1610612736,1668.709091,1669.220992,1099.419553,1110.559607,264.695768,227.958942,37.759161
29,-1,1,-1,-1,1,2300000,25,1800000,24,9697230848 4398583382016,1630.618640,1598.025847,1029.139586,1016.231949,297.717284,208.545134,39.669728
30,-1,-1,1,-1,-1,2300000,25,1800000,24,4407206871040 1073741824,1599.208632,1602.959718,1021.996933,1035.612444,260.218860,228.032760,38.388048
31,-1,1,-1,1,1,2300000,25,1800000,24,1107296256 4407173316608,1682.779086,1657.448456,1096.907776,1090.455840,289.118119,203.365816,38.660702
32,1,1,-1,-1,1,2300000,25,1800000,24,9663676416 4398616936448,1710.793697,1681.704347,1085.004017,1075.611387,295.608583,207.242968,41.429564
33,1,-1,-1,1,1,2300000,25,1800000,24,1610612736 4406670000128,1752.795238,1708.433701,1125.638507,1101.177689,297.464859,210.737291,41.490856
34,1,1,1,-1,1,2300000,25,1800000,24,8589934592 4399690678272,1798.730061,1755.824858,1215.682554,1193.735611,298.499772,206.552383,38.223736
35,-1,1,1,-1,-1,2300000,25,1800000,24,4406670000128 1610612736,1710.894155,1679.376296,1128.396396,1117.698653,290.220933,201.354967,38.297498
36,-1,1,-1,-1,-1,2300000,25,1800000,24,4407743741952 536870912,1678.324814,1646.875215,1057.117401,1045.696459,307.198670,219.421616,40.929444
37,-1,-1,1,-1,1,2300000,25,1800000,24,9160359936 4399120252928,1740.422764,1717.732713,1101.541157,1098.681474,303.501675,218.484054,42.238689
38,-1,-1,1,1,-1,2300000,25,1800000,24,4398616936448 9663676416,1794.575332,1753.570958,1184.278398,1163.721950,300.059633,210.843000,40.237898
39,1,1,-1,-1,1,2300000,25,1800000,24,9663676416 4398616936448,1700.321401,1661.964230,1096.501483,1078.573899,299.535202,208.029252,39.783472
40,1,1,1,-1,-1,2300000,25,1800000,24,4406636445696 1644167168,1712.493380,1686.379624,1148.604156,1142.023955,277.685418,191.301088,37.114232
41,1,-1,1,1,-1,2300000,25,1800000,24,4398583382016 9697230848,1780.054153,1726.237579,1194.639282,1160.970294,280.701476,196.949490,38.598089
42,-1,1,1,1,-1,2300000,25,1800000,24,4398080065536 10200547328,1757.979354,1727.443550,1189.635014,1178.920441,283.719510,197.200227,37.375282
43,-1,-1,-1,1,-1,2300000,25,1800000,24,4399690678272 8589934592,1723.133242,1675.452786,1083.212524,1056.665640,303.816287,215.594667,42.301696
44,-1,-1,1,1,1,2300000,25,1800000,24,570425344 4407710187520,1890.550933,1844.203553,1232.456179,1206.895126,304.923691,218.070694,43.605041
45,-1,-1,1,-1,-1,2300000,25,1800000,24,4407206871040 1073741824,1749.627244,1750.267057,1111.060897,1125.389435,295.609329,246.595947,42.344061
46,1,-1,-1,-1,-1,2300000,25,1800000,24,4408247058432 33554432,1594.847458,1556.643894,996.997758,977.797100,283.323547,201.608656,39.593379
47,1,-1,1,-1,-1,2300000,25,1800000,24,4407173316608 1107296256,1732.844395,1706.765796,1129.523301,1123.194581,294.240968,209.641111,39.783695
48,1,1,1,1,-1,2300000,25,1800000,24,4398046511104 10234101760,1885.417850,1842.984525,1292.841980,1271.310470,295.458345,206.942121,38.934277
49,-1,1,-1,1,1,2300000,25,1800000,24,1107296256 4407173316608,1701.926329,1659.022308,1107.972429,1085.167172,290.912975,205.328525,39.128077
50,1,-1,1,-1,1,2300000,25,1800000,24,9126805504 4399153807360,1753.304081,1737.169387,1148.779450,1145.441662,280.445950,236.955354,40.032702
51,-1,1,1,1,1,2300000,25,1800000,24,33554432 4408247058432,1750.372667,1741.274203,1185.925213,1187.772903,262.758940,228.485715,37.343078
52,1,1,-1,-1,-1,2300000,25,1800000,24,4407710187520 570425344,1762.256413,1724.302991,1128.532694,1111.581255,311.677567,219.051073,41.753655
53,1,-1,-1,1,-1,2300000,25,1800000,24,4399657123840 8623489024,1794.784059,1755.659578,1162.117311,1144.090380,309.069107,217.055087,41.713582
54,-1,1,-1,-1,1,2300000,25,1800000,24,9697230848 4398583382016,1563.376114,1563.920688,986.352764,997.686632,263.916430,223.090620,38.381823
55,-1,-1,-1,1,1,2300000,25,1800000,24,1644167168 4406636445696,1806.020368,1762.999482,1138.806310,1116.512176,319.875046,229.309296,44.106078
56,1,-1,1,1,1,2300000,25,1800000,24,536870912 4407743741952,1810.600359,1776.842214,1208.789276,1194.725263,296.104064,207.250917,39.696105
57,1,1,-1,1,-1,2300000,25,1800000,24,4399120252928 9160359936,1727.344073,1675.774779,1149.445237,1118.181365,286.028163,200.747528,38.029092
58,-1,-1,-1,-1,-1,2300000,25,1800000,24,4408280612864 0,1595.599150,1600.047242,970.272992,986.338091,282.101747,240.683912,41.615724
59,-1,1,1,-1,1,2300000,25,1800000,24,8623489024 4399657123840,1705.042131,1678.460787,1115.940003,1107.383864,283.028895,203.509525,38.954373
60,-1,-1,-1,-1,1,2300000,25,1800000,24,10234101760 4398046511104,1606.091610,1577.741179,977.355942,967.955354,300.439942,215.641509,41.645491
61,1,1,1,1,1,2300000,25,1800000,24,0 4408280612864,1787.289368,1767.547852,1231.564438,1222.772307,258.713012,222.506655,36.776003
62,-1,1,-1,1,-1,2300000,25,1800000,24,4399153807360 9126805504,1610.711870,1607.399213,1045.989501,1054.631193,259.973786,217.766559,37.464741
63,1,1,-1,1,1,2300000,25,1800000,24,1073741824 4407206871040,1785.579497,1736.254608,1183.999998,1155.301991,298.810262,207.980882,39.584909
64,1,-1,-1,-1,1,2300000,25,1800000,24,10200547328 4398080065536,1656.225753,1672.236939,1016.478393,1043.646255,281.423019,243.182285,42.681933
65,-1,-1,-1,-1,-1,2300000,25,1800000,24,4408280612864 0,1590.726960,1563.947996,965.239487,957.637891,299.760668,211.449737,41.461855
66,-1,1,1,1,-1,2300000,25,1800000,24,4398080065536 10200547328,1811.389311,1770.911120,1228.936755,1207.951398,295.393785,209.826917,38.304121
67,-1,1,-1,1,1,2300000,25,1800000,24,1107296256 4407173316608,1703.253541,1659.884612,1105.814196,1082.253236,292.870073,207.394534,39.400981
68,1,-1,-1,1,-1,2300000,25,1800000,24,4399657123840 8623489024,1856.774720,1777.664978,1208.837157,1150.426879,314.039900,223.652403,42.782230
69,-1,-1,-1,-1,1,2300000,25,1800000,24,10234101760 4398046511104,1613.004256,1587.129074,978.840027,973.523374,305.069428,216.492691,41.945422
70,-1,1,1,-1,1,2300000,25,1800000,24,8623489024 4399657123840,1727.838788,1689.373219,1130.866517,1112.504200,291.210020,206.081833,39.403478
71,-1,-1,-1,1,1,2300000,25,1800000,24,1644167168 4406636445696,1729.623825,1690.621934,1094.800779,1076.207951,307.524185,221.091093,41.942928
72,-1,1,-1,-1,-1,2300000,25,1800000,24,4407743741952 536870912,1642.961533,1639.826355,1032.620190,1043.536130,284.587955,231.090819,40.530361
73,-1,-1,1,-1,-1,2300000,25,1800000,24,4407206871040 1073741824,1739.427988,1716.971357,1108.716263,1106.336274,312.049790,222.673786,41.635862
74,1,1,-1,1,-1,2300000,25,1800000,24,4399120252928 9160359936,1687.273577,1643.999636,1119.215421,1094.792388,278.425355,195.900360,37.469836
75,-1,1,1,-1,-1,2300000,25,1800000,24,4406670000128 1610612736,1747.732981,1712.788898,1151.721127,1137.094242,297.469391,210.291840,39.219894
76,-1,-1,1,1,1,2300000,25,1800000,24,570425344 4407710187520,1761.145416,1732.936877,1157.241164,1149.105060,293.746204,209.869936,39.808135
77,1,-1,-1,-1,1,2300000,25,1800000,24,10200547328 4398080065536,1699.874389,1664.423322,1056.814483,1040.960750,304.611280,219.179871,42.563093
78,-1,1,-1,1,-1,2300000,25,1800000,24,4399153807360 9126805504,1671.251636,1630.652116,1086.943911,1065.608776,286.827982,199.576278,38.580660
79,1,-1,1,-1,-1,2300000,25,1800000,24,4407173316608 1107296256,1705.595244,1680.874498,1113.877792,1108.517896,290.474364,203.957338,39.051688
80,-1,1,-1,-1,1,2300000,25,1800000,24,9697230848 4398583382016,1672.187651,1637.395676,1052.112076,1037.430038,309.984282,215.953096,40.914811
81,1,-1,-1,1,1,2300000,25,1800000,24,1610612736 4406670000128,1693.676316,1645.616637,1085.447830,1056.228026,288.285872,206.548220,40.253374
82,1,1,-1,-1,1,2300000,25,1800000,24,9663676416 4398616936448,1683.949404,1682.762678,1083.234541,1098.755751,283.338806,217.436671,39.760520
83,-1,-1,1,1,-1,2300000,25,1800000,24,4398616936448 9663676416,1741.039198,1710.205688,1139.221834,1127.639404,288.180402,206.123734,39.778007
84,1,1,1,1,-1,2300000,25,1800000,24,4398046511104 10234101760,1814.028655,1776.138703,1251.540632,1233.340380,282.565904,197.050599,36.933658
85,1,1,1,-1,-1,2300000,25,1800000,24,4406636445696 1644167168,1754.863371,1743.941287,1174.879244,1176.073153,267.923279,228.613097,38.393447
86,1,1,-1,1,1,2300000,25,1800000,24,1073741824 4407206871040,1759.485235,1705.831802,1174.605759,1141.745633,294.324811,204.307739,38.426634
87,-1,-1,1,-1,1,2300000,25,1800000,24,9160359936 4399120252928,1690.055620,1662.852860,1075.114716,1067.594625,296.450501,207.992138,40.644204
88,1,-1,1,-1,1,2300000,25,1800000,24,9126805504 4399153807360,1700.029070,1718.792358,1098.084244,1128.855681,271.211779,230.123078,39.984788
89,1,-1,-1,-1,-1,2300000,25,1800000,24,4408247058432 33554432,1582.650190,1585.664459,983.219344,996.919906,267.686922,227.661880,39.928863
90,-1,-1,-1,1,-1,2300000,25,1800000,24,4399690678272 8589934592,1761.170408,1774.851121,1106.418123,1137.723023,303.959230,227.068558,43.469165
91,1,-1,1,1,1,2300000,25,1800000,24,536870912 4407743741952,1808.146376,1777.256484,1213.453053,1203.092260,297.472611,205.372834,39.123030
92,1,1,1,-1,1,2300000,25,1800000,24,8589934592 4399690678272,1726.236042,1721.670349,1154.317683,1162.142087,261.537859,220.888856,37.882665
93,-1,1,1,1,1,2300000,25,1800000,24,33554432 4408247058432,1802.008819,1775.810453,1213.816816,1208.229814,290.679319,203.635222,38.683896
94,1,-1,1,1,-1,2300000,25,1800000,24,4398583382016 9697230848,1870.615124,1836.046206,1260.185228,1247.258210,306.168165,215.688523,40.104507
95,1,1,1,1,1,2300000,25,1800000,24,0 4408280612864,1757.532134,1749.133361,1212.552840,1215.292802,255.685070,218.792526,36.035258
96,1,1,-1,-1,-1,2300000,25,1800000,24,4407710187520 570425344,1731.848449,1692.809874,1111.758195,1093.350811,307.323562,214.021849,40.851809
97,-1,-1,1,1,-1,2300000,25,1800000,24,4398616936448 9663676416,1823.347212,1824.288546,1195.786439,1209.259565,288.546064,248.815661,41.542915
98,-1,-1,-1,1,-1,2300000,25,1800000,24,4399690678272 8589934592,1667.178937,1629.664123,1047.868140,1028.888232,294.578309,211.242359,41.002121
99,1,-1,1,1,-1,2300000,25,1800000,24,4398583382016 9697230848,1900.103303,1865.599372,1272.818190,1259.960095,313.716078,215.602889,41.240778
100,1,-1,-1,-1,-1,2300000,25,1800000,24,4408247058432 33554432,1673.340655,1643.480411,1042.030155,1032.268111,304.133607,213.565768,41.729634
101,1,1,1,1,-1,2300000,25,1800000,24,4398046511104 10234101760,1758.527867,1719.780364,1213.572812,1194.748045,275.024199,187.301299,35.795861
102,-1,-1,-1,-1,1,2300000,25,1800000,24,10234101760 4398046511104,1582.052402,1592.469600,958.079280,983.787064,283.002582,222.697265,41.487368
103,1,1,-1,-1,-1,2300000,25,1800000,24,4407710187520 570425344,1709.544523,1665.417009,1096.940218,1073.011110,299.773271,210.898684,40.408968
104,-1,1,-1,-1,1,2300000,25,1800000,24,9697230848 4398583382016,1649.572509,1611.956849,1040.650590,1023.418453,300.256503,211.035799,40.182239
105,-1,1,1,-1,1,2300000,25,1800000,24,8623489024 4399657123840,1689.805742,1681.856678,1116.971271,1120.242467,267.756343,229.490626,37.939465
106,-1,1,1,1,1,2300000,25,1800000,24,33554432 4408247058432,1813.652555,1780.148452,1222.132187,1208.683458,292.209930,206.903106,38.908630
107,-1,-1,1,1,1,2300000,25,1800000,24,570425344 4407710187520,1843.136873,1830.242127,1209.914352,1212.395600,289.121305,235.406863,41.961007
108,1,-1,-1,1,1,2300000,25,1800000,24,1610612736 4406670000128,1833.630082,1792.888706,1189.106536,1169.579421,317.208345,223.257079,42.461375
109,-1,-1,1,-1,1,2300000,25,1800000,24,9160359936 4399120252928,1726.010571,1703.096176,1098.542860,1095.851228,306.939880,216.125338,41.422108
110,1,1,1,1,1,2300000,25,1800000,24,0 4408280612864,1841.806522,1816.433702,1269.500029,1265.043120,292.001450,198.671513,37.523132
111,1,1,1,-1,1,2300000,25,1800000,24,8589934592 4399690678272,1740.100556,1715.179670,1170.730760,1165.487522,284.986114,202.059236,37.391817
112,1,1,-1,1,1,2300000,25,1800000,24,1073741824 4407206871040,1770.583878,1731.870893,1176.201187,1157.694137,296.805388,209.443177,39.080380
113,1,1,1,-1,-1,2300000,25,1800000,24,4406636445696 1644167168,1697.658447,1666.688234,1141.731857,1130.122788,274.931156,190.509705,36.600140
114,-1,1,-1,1,-1,2300000,25,1800000,24,4399153807360 9126805504,1641.602509,1603.333648,1067.106294,1048.433211,281.101336,197.892755,37.844983
115,-1,-1,1,-1,-1,2300000,25,1800000,24,4407206871040 1073741824,2003.129624,1984.044755,1227.809681,1230.793851,329.962431,240.548200,51.760348
116,-1,-1,-1,1,1,2300000,25,1800000,24,1644167168 4406636445696,1715.441496,1681.165441,1076.863740,1063.553209,305.989945,214.818358,42.246474
117,1,-1,1,1,1,2300000,25,1800000,24,536870912 4407743741952,1871.414883,1864.043322,1255.575228,1264.473345,293.215023,231.507479,40.660994
118,-1,1,1,1,-1,2300000,25,1800000,24,4398080065536 10200547328,1816.088820,1772.473113,1226.340744,1203.525099,292.618747,207.291947,38.760636
119,1,-1,1,-1,-1,2300000,25,1800000,24,4407173316608 1107296256,1709.571304,1715.376739,1118.752732,1138.678615,272.254992,223.077546,39.122767
120,-1,1,1,-1,-1,2300000,25,1800000,24,4406670000128 1610612736,1759.961043,1735.051696,1155.798632,1151.548556,306.312576,214.612428,39.696665
121,1,-1,1,-1,1,2300000,25,1800000,24,9126805504 4399153807360,1785.881548,1757.222277,1155.305069,1146.952487,307.182435,215.792145,41.636294
122,-1,1,-1,-1,-1,2300000,25,1800000,24,4407743741952 536870912,1674.346605,1681.108593,1051.067656,1071.240281,293.815172,241.398379,41.322575
123,1,1,-1,1,-1,2300000,25,1800000,24,4399120252928 9160359936,1747.384396,1737.840927,1171.143386,1172.812466,273.048324,235.901854,38.111258
124,1,-1,-1,1,-1,2300000,25,1800000,24,4399657123840 8623489024,1736.165822,1698.891173,1117.066805,1100.489824,299.780303,212.289752,40.837464
125,-1,1,-1,1,1,2300000,25,1800000,24,1107296256 4407173316608,1699.838562,1649.607104,1098.261370,1068.004835,290.950471,203.670901,39.742792
126,1,1,-1,-1,1,2300000,25,1800000,24,9663676416 4398616936448,1640.432512,1627.956401,1055.682874,1054.924925,265.539658,224.324462,38.859001
127,1,-1,-1,-1,1,2300000,25,1800000,24,10200547328 4398080065536,1674.753387,1634.928223,1043.578685,1023.588285,301.770309,216.368243,41.773429
128,-1,-1,-1,-1,-1,2300000,25,1800000,24,4408280612864 0,1634.207185,1608.829425,992.684649,987.080399,309.515240,223.277909,42.468944
129,-1,-1,1,1,1,2300000,25,1800000,24,570425344 4407710187520,1707.353028,1694.353515,1121.015271,1117.599225,265.215177,230.875472,39.032174
130,-1,-1,-1,-1,1,2300000,25,1800000,24,10234101760 4398046511104,1607.423701,1584.552932,976.919511,973.126390,303.403915,216.543289,41.765388
131,1,1,-1,-1,-1,2300000,25,1800000,24,4407710187520 570425344,1697.033859,1664.834696,1093.308549,1081.690535,304.764831,211.067153,39.736603
132,-1,-1,1,-1,-1,2300000,25,1800000,24,4407206871040 1073741824,1732.006519,1727.489973,1095.726077,1105.027375,287.324688,236.838485,42.296888
133,-1,1,1,-1,1,2300000,25,1800000,24,8623489024 4399657123840,1787.751769,1755.136691,1173.730062,1161.930098,307.376676,217.582562,40.401125
134,-1,1,1,1,-1,2300000,25,1800000,24,4398080065536 10200547328,1775.436595,1753.865921,1199.999221,1189.566852,267.547882,230.564561,38.128749
135,1,1,1,-1,-1,2300000,25,1800000,24,4406636445696 1644167168,1726.693669,1690.234558,1163.095701,1147.024416,284.624757,198.223083,37.008117
136,-1,1,-1,1,-1,2300000,25,1800000,24,4399153807360 9126805504,1703.352234,1690.013763,1102.293746,1102.494398,274.321882,228.373233,39.880173
137,1,1,1,1,-1,2300000,25,1800000,24,4398046511104 10234101760,1882.909716,1838.435728,1299.841520,1276.981153,297.062865,207.488295,38.204451
138,-1,-1,1,1,-1,2300000,25,1800000,24,4398616936448 9663676416,1709.875943,1703.915342,1119.315294,1124.211101,263.597690,230.632540,39.213797
139,1,1,-1,1,-1,2300000,25,1800000,24,4399120252928 9160359936,1752.496324,1717.233630,1157.432224,1142.338533,293.991058,207.102296,39.161161
140,-1,-1,-1,-1,-1,2300000,25,1800000,24,4408280612864 0,1594.105911,1563.377197,964.576479,952.899829,295.543366,213.573043,41.717303
141,1,1,-1,1,1,2300000,25,1800000,24,1073741824 4407206871040,1682.369034,1634.489926,1115.731625,1086.946443,278.853073,194.183914,37.366115
142,1,-1,1,1,1,2300000,25,1800000,24,536870912 4407743741952,1840.393370,1800.850022,1232.134706,1212.446135,297.714627,209.621977,40.098136
143,-1,1,1,1,1,2300000,25,1800000,24,33554432 4408247058432,1742.752200,1737.928630,1178.167739,1187.294205,266.934146,215.621355,37.304659
144,-1,-1,-1,1,-1,2300000,25,1800000,24,4399690678272 8589934592,1725.740139,1734.023469,1084.225754,1110.324550,296.442976,224.886463,42.541452
145,1,1,1,-1,1,2300000,25,1800000,24,8589934592 4399690678272,1758.500701,1727.624347,1185.102032,1174.526474,290.253237,201.248979,37.653477
146,1,-1,1,1,-1,2300000,25,1800000,24,4398583382016 9697230848,1806.288423,1782.066256,1208.154538,1204.194092,293.011505,205.466204,39.360803
147,-1,1,1,-1,-1,2300000,25,1800000,24,4406670000128 1610612736,1714.588072,1688.453492,1122.885835,1116.554121,288.565794,203.140179,39.011737
148,-1,-1,1,-1,1,2300000,25,1800000,24,9160359936 4399120252928,1681.558012,1660.588497,1071.106264,1069.063232,292.966189,209.736590,40.350962
149,1,-1,1,-1,-1,2300000,25,1800000,24,4407173316608 1107296256,1748.269667,1713.751786,1144.970260,1131.316713,299.878159,209.713774,39.713351
150,1,-1,-1,1,-1,2300000,25,1800000,24,4399657123840 8623489024,1691.130018,1663.634259,1087.627702,1080.398072,295.883818,204.839415,39.809482
151,-1,1,-1,1,1,2300000,25,1800000,24,1107296256 4407173316608,1719.216310,1714.079286,1111.724244,1122.896010,280.784563,216.599152,40.283580
152,1,-1,1,-1,1,2300000,25,1800000,24,9126805504 4399153807360,1779.931532,1736.408599,1166.296511,1143.758086,305.433231,211.988548,40.401868
153,-1,1,-1,-1,-1,2300000,25,1800000,24,4407743741952 536870912,1603.772304,1556.096404,1014.157517,985.601744,288.038086,201.426635,38.971387
154,1,-1,-1,-1,1,2300000,25,1800000,24,10200547328 4398080065536,1609.407321,1578.565187,1003.902113,992.004608,291.921063,205.403288,40.071284
155,-1,1,-1,-1,1,2300000,25,1800000,24,9697230848 4398583382016,1613.420743,1603.704221,1017.268631,1020.243151,274.482085,227.468613,39.616298
156,1,1,-1,-1,1,2300000,25,1800000,24,9663676416 4398616936448,1659.462482,1650.426192,1073.103103,1075.588929,272.227678,232.367878,38.889720
157,1,-1,-1,1,1,2300000,25,1800000,24,1610612736 4406670000128,1759.277280,1722.995315,1102.572006,1086.335358,296.856824,211.201625,43.633613
158,1,-1,-1,-1,-1,2300000,25,1800000,24,4408247058432 33554432,1635.535491,1648.332964,1012.678634,1036.498777,276.275863,237.911881,41.524941
159,1,1,1,1,1,2300000,25,1800000,24,0 4408280612864,1855.582231,1810.279496,1281.956726,1256.652545,292.599642,206.738737,37.623803
160,-1,-1,-1,1,1,2300000,25,1800000,24,1644167168 4406636445696,1693.793225,1668.908053,1063.417224,1058.502353,301.431183,215.203478,41.676572
1,-1,-1,1,1,-1,2300000,25,1800000,24,4398616936448 9663676416,1680.754989,1654.595654,1100.254015,1093.298452,281.127245,195.126325,38.352883
2,1,1,1,-1,-1,2300000,25,1800000,24,4406636445696 1644167168,2048.914824,1956.589918,1336.532075,1265.471072,313.867478,224.470323,47.421761
3,-1,-1,-1,1,1,2300000,25,1800000,24,1644167168 4406636445696,1787.729066,1800.361537,1124.587007,1154.730149,307.462894,232.972444,44.062567
4,1,-1,1,-1,-1,2300000,25,1800000,24,4407173316608 1107296256,1733.756102,1709.372116,1129.997709,1125.252473,299.835721,206.810560,39.829207
5,-1,-1,1,1,1,2300000,25,1800000,24,570425344 4407710187520,1829.811075,1819.472778,1200.396012,1201.971786,287.565672,245.606080,41.769294
6,1,1,1,1,1,2300000,25,1800000,24,0 4408280612864,1852.865448,1814.419219,1278.394242,1260.248244,289.482071,204.455029,37.690982
7,-1,1,1,1,1,2300000,25,1800000,24,33554432 4408247058432,1711.887040,1712.932592,1155.165010,1167.700439,255.216842,220.652802,36.860836
8,1,1,-1,1,1,2300000,25,1800000,24,1073741824 4407206871040,1629.893808,1619.691847,1080.722290,1080.858524,249.762967,215.247688,36.446642
9,1,1,1,1,-1,2300000,25,1800000,24,4398046511104 10234101760,1716.656649,1684.685183,1180.826812,1167.819595,265.329559,183.070558,35.238787
10,-1,1,1,-1,1,2300000,25,1800000,24,8623489024 4399657123840,1745.117359,1711.270398,1151.746061,1138.707583,295.328108,208.316407,38.992022
11,1,-1,-1,1,-1,2300000,25,1800000,24,4399657123840 8623489024,1682.993622,1644.749224,1080.405839,1061.464002,286.361038,204.332138,39.825131
12,1,1,-1,1,-1,2300000,25,1800000,24,4399120252928 9160359936,1734.597185,1727.148069,1152.930879,1157.186710,271.577346,234.943037,38.479529
13,-1,-1,-1,-1,1,2300000,25,1800000,24,10234101760 4398046511104,1550.661456,1524.039749,942.140683,933.326245,287.509769,209.819902,40.322832
14,1,-1,-1,-1,1,2300000,25,1800000,24,10200547328 4398080065536,1626.118791,1620.306455,1014.292451,1022.015184,277.315840,227.360153,40.684076
15,1,1,1,-1,1,2300000,25,1800000,24,8589934592 4399690678272,1716.949640,1681.573366,1156.889392,1141.067276,280.087062,193.874356,36.842155
16,1,-1,-1,-1,-1,2300000,25,1800000,24,4408247058432 33554432,1578.340454,1550.659776,984.026246,975.272734,285.082962,200.350096,39.310864
17,-1,-1,1,-1,1,2300000,25,1800000,24,9160359936 4399120252928,1650.873704,1632.272611,1051.667680,1052.099381,286.495331,204.441465,39.620248
18,1,-1,1,-1,1,2300000,25,1800000,24,9126805504 4399153807360,1689.258817,1681.734226,1102.881864,1106.593474,264.209473,227.959198,38.952917
19,-1,-1,-1,-1,-1,2300000,25,1800000,24,4408280612864 0,1614.301776,1584.839551,981.508595,971.093655,304.005205,219.005430,41.882820
20,-1,-1,-1,1,-1,2300000,25,1800000,24,4399690678272 8589934592,1647.872455,1605.173749,1029.796004,1005.943558,288.894181,208.296779,41.005354
21,1,-1,1,1,1,2300000,25,1800000,24,536870912 4407743741952,1863.912735,1829.079925,1245.450837,1231.419360,301.395859,215.031311,40.717359
22,1,-1,1,1,-1,2300000,25,1800000,24,4398583382016 9697230848,1824.294066,1790.323212,1216.743652,1202.617677,292.560699,209.014926,40.078391
23,-1,1,-1,1,-1,2300000,25,1800000,24,4399153807360 9126805504,1701.076738,1666.613250,1107.166567,1091.708207,292.093948,208.600131,39.155911
24,1,-1,-1,1,1,2300000,25,1800000,24,1610612736 4406670000128,1737.040360,1707.706908,1109.673508,1099.353606,297.789093,216.907474,41.498844
25,-1,1,1,1,-1,2300000,25,1800000,24,4398080065536 10200547328,1802.443065,1766.499271,1223.375928,1207.503509,291.175708,206.782122,38.056665
26,1,1,-1,-1,-1,2300000,25,1800000,24,4407710187520 570425344,1717.747635,1755.898910,1099.063784,1152.191408,284.174135,228.941753,41.048150
27,-1,1,-1,-1,-1,2300000,25,1800000,24,4407743741952 536870912,1621.553973,1588.241162,1023.632491,1008.961777,294.454971,211.285614,39.476126
28,-1,1,1,-1,-1,2300000,25,1800000,24,4406670000128 1610612736,1686.473040,1676.342727,1111.472597,1112.340698,265.514939,229.701237,38.132400
29,-1,1,-1,-1,1,2300000,25,1800000,24,9697230848 4398583382016,1665.294088,1630.535154,1049.782381,1035.923948,305.007204,214.274800,40.552905
30,-1,-1,1,-1,-1,2300000,25,1800000,24,4407206871040 1073741824,1714.877194,1690.697232,1091.492516,1087.600453,304.367337,218.172087,41.129127
31,-1,1,-1,1,1,2300000,25,1800000,24,1107296256 4407173316608,1754.967205,1708.305498,1139.774201,1112.758358,300.475189,214.222319,40.592362
32,1,1,-1,-1,1,2300000,25,1800000,24,9663676416 4398616936448,1648.575562,1640.579102,1065.962268,1069.765475,271.081114,231.656421,38.607621
33,1,-1,-1,1,1,2300000,25,1800000,24,1610612736 4406670000128,1676.837801,1634.486419,1084.605760,1061.595229,284.868441,201.787658,39.110141
34,1,1,1,-1,1,2300000,25,1800000,24,8589934592 4399690678272,1707.932484,1677.048735,1149.514218,1138.215146,279.239672,196.875642,36.686720
35,-1,1,1,-1,-1,2300000,25,1800000,24,4406670000128 1610612736,1711.328994,1710.009137,1119.628920,1131.893266,271.376863,225.480200,39.209351
36,-1,1,-1,-1,-1,2300000,25,1800000,24,4407743741952 536870912,1625.638072,1580.665939,1024.808593,998.568679,289.664673,209.299655,39.694218
37,-1,-1,1,-1,1,2300000,25,1800000,24,9160359936 4399120252928,1694.653211,1671.482276,1083.070587,1079.231721,296.710434,214.154006,40.382012
38,-1,-1,1,1,-1,2300000,25,1800000,24,4398616936448 9663676416,1734.944273,1710.800127,1135.899460,1131.086819,290.906726,205.844068,39.561718
39,1,1,-1,-1,1,2300000,25,1800000,24,9663676416 4398616936448,1691.794524,1666.491698,1084.009263,1078.173656,295.881532,208.811066,40.138812
40,1,1,1,-1,-1,2300000,25,1800000,24,4406636445696 1644167168,1804.485916,1764.402296,1212.215808,1193.495654,302.817748,206.580659,38.880823
41,1,-1,1,1,-1,2300000,25,1800000,24,4398583382016 9697230848,1778.189606,1764.266954,1190.082884,1187.251452,267.233537,231.268630,39.000142
42,-1,1,1,1,-1,2300000,25,1800000,24,4398080065536 10200547328,1793.194550,1773.800185,1206.059328,1205.839219,289.360503,207.961761,38.638544
43,-1,-1,-1,1,-1,2300000,25,1800000,24,4399690678272 8589934592,1745.952029,1712.892748,1103.033950,1089.605452,310.952498,225.289352,42.444069
44,-1,-1,1,1,1,2300000,25,1800000,24,570425344 4407710187520,1753.798445,1718.775440,1154.351670,1138.427704,291.128377,206.333146,39.554969
45,-1,-1,1,-1,-1,2300000,25,1800000,24,4407206871040 1073741824,1679.701434,1681.842024,1071.279739,1084.472677,278.749237,239.317963,40.395403
46,1,-1,-1,-1,-1,2300000,25,1800000,24,4408247058432 33554432,1667.193898,1630.380509,1033.998216,1016.326082,300.238811,216.816040,41.940887
47,1,-1,1,-1,-1,2300000,25,1800000,24,4407173316608 1107296256,1698.911515,1670.274460,1106.564165,1096.993167,288.469101,202.127607,39.127191
48,1,1,1,1,-1,2300000,25,1800000,24,4398046511104 10234101760,1837.223951,1792.473875,1274.325164,1249.210604,286.293412,203.318299,36.919809
49,-1,1,-1,1,1,2300000,25,1800000,24,1107296256 4407173316608,1737.548171,1692.180770,1134.314253,1109.547899,299.814560,208.298036,39.707959
50,1,-1,1,-1,1,2300000,25,1800000,24,9126805504 4399153807360,1766.773162,1726.985260,1151.078290,1131.557101,297.950192,211.331636,40.607971
51,-1,1,1,1,1,2300000,25,1800000,24,33554432 4408247058432,1784.696869,1766.926129,1201.931138,1196.474030,268.059706,223.608247,38.636820
52,1,1,-1,-1,-1,2300000,25,1800000,24,4407710187520 570425344,1673.528764,1636.222610,1080.313978,1063.206589,292.655195,202.729640,39.102042
53,1,-1,-1,1,-1,2300000,25,1800000,24,4399657123840 8623489024,1752.008389,1709.556031,1130.705346,1107.860125,300.496893,215.667054,41.017068
54,-1,1,-1,-1,1,2300000,25,1800000,24,9697230848 4398583382016,1600.218824,1569.419767,1008.031020,996.187470,291.079588,204.098798,39.123260
55,-1,-1,-1,1,1,2300000,25,1800000,24,1644167168 4406636445696,1678.664081,1647.794389,1055.111892,1044.220645,298.607222,210.128436,41.296437
56,1,-1,1,1,1,2300000,25,1800000,24,536870912 4407743741952,1838.313995,1800.116182,1234.837038,1216.218077,299.716505,209.562409,39.772789
57,1,1,-1,1,-1,2300000,25,1800000,24,4399120252928 9160359936,1798.944581,1753.258862,1192.876329,1166.929673,300.703595,210.286544,39.939510
58,-1,-1,-1,-1,-1,2300000,25,1800000,24,4408280612864 0,1548.149384,1524.587505,938.613300,933.874327,287.574738,202.835783,40.429806
59,-1,1,1,-1,1,2300000,25,1800000,24,8623489024 4399657123840,1734.967561,1699.577927,1145.281966,1129.534225,293.684936,206.213807,38.857754
60,-1,-1,-1,-1,1,2300000,25,1800000,24,10234101760 4398046511104,1652.171372,1627.651138,1003.239363,998.953412,313.428159,224.261765,42.954124
61,1,1,1,1,1,2300000,25,1800000,24,0 4408280612864,1758.525129,1729.415285,1209.975101,1190.422272,249.497654,219.234250,36.414394
62,-1,1,-1,1,-1,2300000,25,1800000,24,4399153807360 9126805504,1696.433718,1658.707014,1102.847763,1084.876163,291.224485,203.269258,39.161274
63,1,1,-1,1,1,2300000,25,1800000,24,1073741824 4407206871040,1767.079620,1719.242860,1178.112721,1150.755984,293.820922,206.560147,38.751365
64,1,-1,-1,-1,1,2300000,25,1800000,24,10200547328 4398080065536,1602.183076,1612.177952,996.488830,1019.749512,276.252749,224.605026,40.268633
65,-1,-1,-1,-1,-1,2300000,25,1800000,24,4408280612864 0,1556.905335,1540.109271,943.349349,944.350431,292.294131,209.803544,40.695045
66,-1,1,1,1,-1,2300000,25,1800000,24,4398080065536 10200547328,1893.515477,1872.979099,1284.442289,1276.915240,292.348679,243.652632,40.263719
67,-1,1,-1,1,1,2300000,25,1800000,24,1107296256 4407173316608,1781.614945,1742.700115,1151.302062,1131.965684,306.345517,218.652558,41.635544
68,1,-1,-1,1,-1,2300000,25,1800000,24,4399657123840 8623489024,1733.399231,1686.042097,1107.870655,1079.328357,293.091611,210.086900,41.459079
69,-1,-1,-1,-1,1,2300000,25,1800000,24,10234101760 4398046511104,1552.532185,1527.603255,939.698043,933.366074,288.896576,205.798247,40.664651
70,-1,1,1,-1,1,2300000,25,1800000,24,8623489024 4399657123840,1763.522764,1730.913239,1160.688034,1148.488920,304.360731,216.420748,39.673479
71,-1,-1,-1,1,1,2300000,25,1800000,24,1644167168 4406636445696,1641.103970,1609.261198,1026.573927,1012.987261,292.761399,208.636171,40.708988
72,-1,1,-1,-1,-1,2300000,25,1800000,24,4407743741952 536870912,1573.008666,1530.641373,988.512175,964.046693,278.356429,195.967240,38.750583
73,-1,-1,1,-1,-1,2300000,25,1800000,24,4407206871040 1073741824,1957.024142,1943.392168,1208.640152,1215.142060,321.695435,237.156252,50.014853
74,1,1,-1,1,-1,2300000,25,1800000,24,4399120252928 9160359936,1815.661024,1709.519123,1217.168855,1130.903169,294.398910,208.411546,39.469667
75,-1,1,1,-1,-1,2300000,25,1800000,24,4406670000128 1610612736,1798.415339,1768.539091,1172.215410,1162.907300,310.197173,220.990571,41.239404
76,-1,-1,1,1,1,2300000,25,1800000,24,570425344 4407710187520,1770.293033,1734.119019,1166.203761,1150.086119,294.537334,208.699097,39.834878
77,1,-1,-1,-1,1,2300000,25,1800000,24,10200547328 4398080065536,1678.619185,1687.862028,1031.082107,1057.427276,289.886531,221.331819,43.072158
78,-1,1,-1,1,-1,2300000,25,1800000,24,4399153807360 9126805504,1673.374420,1636.001099,1087.667912,1069.413913,288.061784,203.969725,38.615213
79,1,-1,1,-1,-1,2300000,25,1800000,24,4407173316608 1107296256,1765.106977,1740.346435,1146.985318,1142.687200,303.157728,212.499863,40.738957
80,-1,1,-1,-1,1,2300000,25,1800000,24,9697230848 4398583382016,1644.484571,1608.941636,1037.735486,1021.877778,299.063647,211.415481,40.030029
81,1,-1,-1,1,1,2300000,25,1800000,24,1610612736 4406670000128,1676.935824,1677.341932,1074.341191,1085.802092,271.180908,233.838042,40.085158
82,1,1,-1,-1,1,2300000,25,1800000,24,9663676416 4398616936448,1707.952347,1679.064633,1097.313172,1088.081390,298.595737,211.725144,40.281313
83,-1,-1,1,1,-1,2300000,25,1800000,24,4398616936448 9663676416,1769.245135,1737.028260,1160.955439,1148.634352,293.244249,209.279082,40.143548
84,1,1,1,1,-1,2300000,25,1800000,24,4398046511104 10234101760,1890.567539,1846.285174,1297.265352,1273.858532,294.412292,208.089541,38.972297
85,1,1,1,-1,-1,2300000,25,1800000,24,4406636445696 1644167168,1668.526167,1639.800868,1125.874830,1116.464051,265.936996,186.870421,35.689327
86,1,1,-1,1,1,2300000,25,1800000,24,1073741824 4407206871040,1820.160755,1763.552672,1204.653316,1167.980379,300.664443,215.511658,40.569728
87,-1,-1,1,-1,1,2300000,25,1800000,24,9160359936 4399120252928,1698.431197,1663.672718,1088.458881,1073.723921,295.341963,211.654297,40.240254
88,1,-1,1,-1,1,2300000,25,1800000,24,9126805504 4399153807360,1763.999252,1729.261548,1143.084094,1127.493668,294.339339,211.974700,41.059160
89,1,-1,-1,-1,-1,2300000,25,1800000,24,4408247058432 33554432,1654.298297,1633.140825,1022.082548,1019.966981,297.981660,213.463866,41.909624
90,-1,-1,-1,1,-1,2300000,25,1800000,24,4399690678272 8589934592,1733.069457,1701.702119,1093.948576,1082.272781,308.869243,221.199033,42.269866
91,1,-1,1,1,1,2300000,25,1800000,24,536870912 4407743741952,1875.440888,1835.553741,1259.183777,1238.627990,302.659530,216.083356,40.634797
92,1,1,1,-1,1,2300000,25,1800000,24,8589934592 4399690678272,1732.220059,1726.307374,1161.731415,1166.166185,264.342968,231.261872,37.786997
93,-1,1,1,1,1,2300000,25,1800000,24,33554432 4408247058432,1813.446226,1772.191853,1222.908101,1200.861797,289.186191,206.408947,38.909137
94,1,-1,1,1,-1,2300000,25,1800000,24,4398583382016 9697230848,1842.012972,1823.194714,1236.136353,1230.538013,278.662367,233.841552,40.124009
95,1,1,1,1,1,2300000,25,1800000,24,0 4408280612864,1884.444046,1838.187906,1302.464505,1277.852328,294.615981,204.497955,38.156835
96,1,1,-1,-1,-1,2300000,25,1800000,24,4407710187520 570425344,1692.675201,1654.184909,1093.844039,1075.404249,299.035932,209.509521,39.405600
97,-1,-1,1,1,-1,2300000,25,1800000,24,4398616936448 9663676416,1822.567507,1787.519832,1193.116169,1176.874069,299.612554,217.045848,41.617163
98,-1,-1,-1,1,-1,2300000,25,1800000,24,4399690678272 8589934592,1725.665556,1729.752684,1085.973084,1101.168732,289.577315,249.057098,42.573908
99,1,-1,1,1,-1,2300000,25,1800000,24,4398583382016 9697230848,1863.094668,1833.917786,1248.399184,1240.068405,305.280503,216.070692,40.419020
100,1,-1,-1,-1,-1,2300000,25,1800000,24,4408247058432 33554432,1713.812196,1727.807249,1040.918886,1071.965086,297.118558,225.477545,44.844480
101,1,1,1,1,-1,2300000,25,1800000,24,4398046511104 10234101760,1893.185214,1846.550840,1306.238039,1280.610814,298.641526,208.119462,38.508985
102,-1,-1,-1,-1,1,2300000,25,1800000,24,10234101760 4398046511104,1639.319580,1613.743862,992.329405,986.470458,306.543821,219.357364,42.838815
103,1,1,-1,-1,-1,2300000,25,1800000,24,4407710187520 570425344,1695.031524,1660.435942,1094.437392,1079.811354,300.134444,209.812606,39.540755
104,-1,1,-1,-1,1,2300000,25,1800000,24,9697230848 4398583382016,1665.372517,1629.694886,1048.596956,1032.449886,303.979878,213.245362,40.722205
105,-1,1,1,-1,1,2300000,25,1800000,24,8623489024 4399657123840,1663.623781,1624.972522,1103.736232,1083.294098,278.032882,194.577513,36.926206
106,-1,1,1,1,1,2300000,25,1800000,24,33554432 4408247058432,1854.687316,1832.244661,1251.582516,1243.703891,282.857177,230.367399,39.896385
107,-1,-1,1,1,1,2300000,25,1800000,24,570425344 4407710187520,1834.470488,1826.097948,1205.008962,1210.091537,287.435046,238.690596,41.746539
108,1,-1,-1,1,1,2300000,25,1800000,24,1610612736 4406670000128,1715.801575,1710.861645,1104.292157,1110.563143,276.526416,237.056821,40.659327
109,-1,-1,1,-1,1,2300000,25,1800000,24,9160359936 4399120252928,1713.334380,1708.633238,1094.828966,1105.191698,287.371430,228.716189,41.030396
110,1,1,1,1,1,2300000,25,1800000,24,0 4408280612864,1820.020981,1802.176010,1253.010372,1255.566925,287.692932,200.703445,37.186102
111,1,1,1,-1,1,2300000,25,1800000,24,8589934592 4399690678272,1789.151888,1756.189741,1195.454145,1182.828998,294.496736,206.946611,39.060575
112,1,1,-1,1,1,2300000,25,1800000,24,1073741824 4407206871040,1745.605011,1697.252986,1162.314361,1134.077940,289.075152,205.482149,38.347960
113,1,1,1,-1,-1,2300000,25,1800000,24,4406636445696 1644167168,1804.704896,1766.643158,1217.452425,1200.786287,301.372438,211.269181,38.506526
114,-1,1,-1,1,-1,2300000,25,1800000,24,4399153807360 9126805504,1675.164764,1640.733976,1088.822769,1074.138106,289.489454,203.820998,38.623902
115,-1,-1,1,-1,-1,2300000,25,1800000,24,4407206871040 1073741824,1766.313734,1745.089627,1117.493763,1117.260013,313.794725,224.678655,42.834695
116,-1,-1,-1,1,1,2300000,25,1800000,24,1644167168 4406636445696,1647.629761,1614.531400,1035.592528,1021.350039,293.134646,208.217271,40.490557
117,1,-1,1,1,1,2300000,25,1800000,24,536870912 4407743741952,1872.791426,1837.401146,1254.290331,1240.011567,305.406935,212.198157,40.731166
118,-1,1,1,1,-1,2300000,25,1800000,24,4398080065536 10200547328,1718.343369,1711.977339,1161.459382,1167.513946,259.610140,219.306717,36.839961
119,1,-1,1,-1,-1,2300000,25,1800000,24,4407173316608 1107296256,1690.190158,1663.441832,1103.069277,1095.683733,284.859938,201.825149,38.735793
120,-1,1,1,-1,-1,2300000,25,1800000,24,4406670000128 1610612736,1765.520827,1749.819762,1163.745985,1168.076889,292.561654,209.442628,39.679256
121,1,-1,1,-1,1,2300000,25,1800000,24,9126805504 4399153807360,1706.187085,1683.079679,1113.251370,1109.632333,287.690977,203.446213,39.143860
122,-1,1,-1,-1,-1,2300000,25,1800000,24,4407743741952 536870912,1658.279570,1632.452882,1043.666518,1037.543152,303.470762,215.928785,40.519231
123,1,1,-1,1,-1,2300000,25,1800000,24,4399120252928 9160359936,1697.059454,1693.060223,1133.648295,1140.078593,262.087018,228.594758,37.323272
124,1,-1,-1,1,-1,2300000,25,1800000,24,4399657123840 8623489024,1678.076141,1639.780156,1079.148868,1059.654905,287.565290,203.892747,39.576886
125,-1,1,-1,1,1,2300000,25,1800000,24,1107296256 4407173316608,1725.389299,1688.312301,1119.564022,1101.798494,295.591917,212.731582,39.960760
126,1,1,-1,-1,1,2300000,25,1800000,24,9663676416 4398616936448,1702.404997,1701.969479,1091.854717,1103.933821,282.852066,239.994017,40.481509
127,1,-1,-1,-1,1,2300000,25,1800000,24,10200547328 4398080065536,1671.133344,1642.480700,1038.726789,1029.942672,303.124344,215.762881,41.828887
128,-1,-1,-1,-1,-1,2300000,25,1800000,24,4408280612864 0,1637.283096,1609.928836,992.791689,985.044924,308.186479,220.874911,42.705790
129,-1,-1,1,1,1,2300000,25,1800000,24,570425344 4407710187520,1831.268312,1801.243717,1205.379576,1196.328247,310.514055,217.412902,41.248312
130,-1,-1,-1,-1,1,2300000,25,1800000,24,10234101760 4398046511104,1584.751296,1555.371048,961.104583,951.422226,295.139664,208.022626,41.315368
131,1,1,-1,-1,-1,2300000,25,1800000,24,4407710187520 570425344,1680.799864,1643.317980,1082.195435,1064.351747,295.081337,207.568863,39.483379
132,-1,-1,1,-1,-1,2300000,25,1800000,24,4407206871040 1073741824,1775.133207,1781.799423,1121.838989,1147.271592,306.282057,228.298906,43.278004
133,-1,1,1,-1,1,2300000,25,1800000,24,8623489024 4399657123840,1677.882799,1640.032439,1102.492222,1083.140278,277.371076,196.576673,38.039201
134,-1,1,1,1,-1,2300000,25,1800000,24,4398080065536 10200547328,1779.963897,1735.606215,1207.260748,1182.417950,282.398224,201.127866,37.692335
135,1,1,1,-1,-1,2300000,25,1800000,24,4406636445696 1644167168,1780.066255,1735.984679,1198.044143,1173.890503,288.219240,204.890990,38.309906
136,-1,1,-1,1,-1,2300000,25,1800000,24,4399153807360 9126805504,1637.172869,1630.499939,1065.919447,1068.739957,261.183121,231.033922,37.959741
137,1,1,1,1,-1,2300000,25,1800000,24,4398046511104 10234101760,1870.647113,1825.872556,1285.218698,1261.117461,290.548887,204.768190,38.477811
138,-1,-1,1,1,-1,2300000,25,1800000,24,4398616936448 9663676416,1737.466581,1702.544172,1141.384429,1126.636519,284.313632,206.049450,39.284042
139,1,1,-1,1,-1,2300000,25,1800000,24,4399120252928 9160359936,1687.034866,1682.651227,1128.687146,1135.116473,255.022671,227.626951,36.976267
140,-1,-1,-1,-1,-1,2300000,25,1800000,24,4408280612864 0,1560.844539,1532.113085,948.296294,938.427631,289.033954,208.445256,40.562052
141,1,1,-1,1,1,2300000,25,1800000,24,1073741824 4407206871040,1718.844406,1657.923436,1132.065047,1089.924699,277.937439,199.147616,38.792757
142,1,-1,1,1,1,2300000,25,1800000,24,536870912 4407743741952,1843.375884,1827.847351,1234.053678,1232.258864,279.196333,230.180804,40.369117
143,-1,1,1,1,1,2300000,25,1800000,24,33554432 4408247058432,1799.282775,1786.586166,1213.655640,1212.846956,269.045654,234.459627,38.775944
144,-1,-1,-1,1,-1,2300000,25,1800000,24,4399690678272 8589934592,1680.959948,1645.893664,1056.453842,1040.378905,294.972718,214.112958,41.341440
145,1,1,1,-1,1,2300000,25,1800000,24,8589934592 4399690678272,1655.656616,1648.817324,1118.633804,1122.568801,248.034838,216.054402,35.558748
146,1,-1,1,1,-1,2300000,25,1800000,24,4398583382016 9697230848,1794.291229,1753.298445,1204.289338,1183.102006,285.648373,203.351460,38.877709
147,-1,1,1,-1,-1,2300000,25,1800000,24,4406670000128 1610612736,1672.245561,1641.001649,1101.826678,1089.564512,276.496781,195.437975,37.622682
148,-1,-1,1,-1,1,2300000,25,1800000,24,9160359936 4399120252928,1751.508648,1758.347443,1113.892860,1135.622844,297.607862,241.197890,42.226441
149,1,-1,1,-1,-1,2300000,25,1800000,24,4407173316608 1107296256,1758.423827,1770.470776,1149.016518,1172.807339,283.602935,244.724684,40.340593
150,1,-1,-1,1,-1,2300000,25,1800000,24,4399657123840 8623489024,1614.437619,1608.254529,1033.801588,1036.706997,256.581817,225.200897,38.716601
151,-1,1,-1,1,1,2300000,25,1800000,24,1107296256 4407173316608,1684.151796,1653.012951,1093.188967,1080.976963,290.363310,208.429031,38.987384
152,1,-1,1,-1,1,2300000,25,1800000,24,9126805504 4399153807360,1682.922547,1657.826448,1098.903411,1092.807588,283.492768,201.331893,38.541033
153,-1,1,-1,-1,-1,2300000,25,1800000,24,4407743741952 536870912,1585.214751,1581.947739,1002.920837,1010.223660,265.586747,229.364472,38.737982
154,1,-1,-1,-1,1,2300000,25,1800000,24,10200547328 4398080065536,1661.562344,1631.756958,1035.232358,1025.386474,300.770314,215.482194,41.433694
155,-1,1,-1,-1,1,2300000,25,1800000,24,9697230848 4398583382016,1659.830611,1627.648906,1046.050049,1033.836777,305.301500,216.322858,40.490301
156,1,1,-1,-1,1,2300000,25,1800000,24,9663676416 4398616936448,1718.818633,1678.320704,1102.265735,1081.846742,301.936169,214.472827,40.686446
157,1,-1,-1,1,1,2300000,25,1800000,24,1610612736 4406670000128,1683.067596,1629.675328,1092.200070,1058.182909,285.566863,203.524996,39.006679
158,1,-1,-1,-1,-1,2300000,25,1800000,24,4408247058432 33554432,1707.254957,1676.337235,1061.779510,1051.387236,310.743910,222.195497,42.691134
159,1,1,1,1,1,2300000,25,1800000,24,0 4408280612864,1823.233384,1803.381332,1260.723098,1252.860688,266.875227,227.494035,37.143964
160,-1,-1,-1,1,1,2300000,25,1800000,24,1644167168 4406636445696,1698.229536,1661.046190,1066.749514,1048.906646,299.205414,217.962266,41.783932
1,-1,-1,1,1,-1,2300000,25,1800000,24,4398616936448 9663676416,1798.548932,1725.090135,1180.827383,1125.247756,294.542008,211.532519,41.284993
2,1,1,1,-1,-1,2300000,25,1800000,24,4406636445696 1644167168,1769.236985,1753.733182,1179.360515,1184.143357,300.311189,207.464353,38.967026
3,-1,-1,-1,1,1,2300000,25,1800000,24,1644167168 4406636445696,1673.570419,1641.872068,1045.077923,1032.419967,297.228421,211.131398,41.821827
4,1,-1,1,-1,-1,2300000,25,1800000,24,4407173316608 1107296256,1733.051951,1708.689546,1128.393968,1122.999540,295.405440,207.990463,40.036293
5,-1,-1,1,1,1,2300000,25,1800000,24,570425344 4407710187520,1771.006321,1746.979184,1155.503175,1150.163250,294.404556,212.649857,40.795225
6,1,1,1,1,1,2300000,25,1800000,24,0 4408280612864,1815.404893,1770.770021,1250.395766,1224.997605,286.354751,195.780364,37.191528
7,-1,1,1,1,1,2300000,25,1800000,24,33554432 4408247058432,1776.255679,1732.512711,1201.250534,1175.864701,282.872989,202.109344,37.901312
8,1,1,-1,1,1,2300000,25,1800000,24,1073741824 4407206871040,1663.394056,1615.993545,1106.139981,1077.423229,274.093826,188.543195,36.745640
9,1,1,1,1,-1,2300000,25,1800000,24,4398046511104 10234101760,1753.603501,1716.723142,1207.425921,1188.998730,267.931505,188.400150,35.948408
10,-1,1,1,-1,1,2300000,25,1800000,24,8623489024 4399657123840,1711.498823,1682.489748,1126.510879,1117.702133,291.132737,203.110395,38.462980
11,1,-1,-1,1,-1,2300000,25,1800000,24,4399657123840 8623489024,1642.194625,1634.571399,1047.139390,1050.552631,259.849899,224.185732,39.669137
12,1,1,-1,1,-1,2300000,25,1800000,24,4399120252928 9160359936,1699.075071,1651.304550,1131.125860,1102.454682,280.675079,197.667572,37.403246
13,-1,-1,-1,-1,1,2300000,25,1800000,24,10234101760 4398046511104,1629.354937,1636.872298,985.532683,1006.253588,290.707241,241.081770,42.851836
14,1,-1,-1,-1,1,2300000,25,1800000,24,10200547328 4398080065536,1674.837660,1642.393616,1043.769076,1030.724948,306.895539,219.003494,41.714783
15,1,1,1,-1,1,2300000,25,1800000,24,8589934592 4399690678272,1785.909746,1752.481185,1199.452133,1186.658341,296.766051,207.607625,38.500551
16,1,-1,-1,-1,-1,2300000,25,1800000,24,4408247058432 33554432,1619.764112,1587.408601,1010.733822,997.322405,290.307541,207.735533,40.286831
17,-1,-1,1,-1,1,2300000,25,1800000,24,9160359936 4399120252928,1685.098786,1666.519194,1070.809877,1071.325392,292.441223,209.361877,40.615779
18,1,-1,1,-1,1,2300000,25,1800000,24,9126805504 4399153807360,1805.523180,1774.856062,1167.656953,1157.522171,307.334245,219.657183,42.088075
19,-1,-1,-1,-1,-1,2300000,25,1800000,24,4408280612864 0,1586.766675,1556.354552,964.484510,952.330095,293.739288,213.435595,41.270839
20,-1,-1,-1,1,-1,2300000,25,1800000,24,4399690678272 8589934592,1579.032427,1582.087266,983.650787,997.487367,261.572373,223.817337,39.758316
21,1,-1,1,1,1,2300000,25,1800000,24,536870912 4407743741952,1807.202911,1774.173324,1208.160891,1195.251114,290.344698,205.378891,39.480372
22,1,-1,1,1,-1,2300000,25,1800000,24,4398583382016 9697230848,1843.759765,1816.665269,1235.871900,1229.001254,298.524750,212.388474,39.998699
23,-1,1,-1,1,-1,2300000,25,1800000,24,4399153807360 9126805504,1821.495168,1782.319951,1188.982846,1170.863035,315.721587,224.759659,41.595236
24,1,-1,-1,1,1,2300000,25,1800000,24,1610612736 4406670000128,1688.778917,1652.669527,1087.225265,1070.533783,289.720094,204.094604,39.716397
25,-1,1,1,1,-1,2300000,25,1800000,24,4398080065536 10200547328,1884.719452,1838.099654,1272.462571,1246.081958,303.878204,216.806242,40.272205
26,1,1,-1,-1,-1,2300000,25,1800000,24,4407710187520 570425344,1698.358110,1690.262784,1098.662994,1102.184543,281.995989,239.842133,39.704741
27,-1,1,-1,-1,-1,2300000,25,1800000,24,4407743741952 536870912,1620.843506,1587.398024,1024.627227,1010.908511,296.773685,207.433917,39.312505
28,-1,1,1,-1,-1,2300000,25,1800000,24,4406670000128 1610612736,1667.280964,1637.308455,1100.807158,1089.468473,281.402056,198.044285,37.317105
29,-1,1,-1,-1,1,2300000,25,1800000,24,9697230848 4398583382016,1689.851945,1647.406524,1060.357130,1038.149612,305.295779,216.553927,41.588473
30,-1,-1,1,-1,-1,2300000,25,1800000,24,4407206871040 1073741824,1676.751452,1651.141328,1070.764742,1064.668838,289.214264,206.087952,40.062149
31,-1,1,-1,1,1,2300000,25,1800000,24,1107296256 4407173316608,1778.038419,1746.666171,1157.578450,1146.515351,304.763489,218.374086,40.874782
32,1,1,-1,-1,1,2300000,25,1800000,24,9663676416 4398616936448,1672.182605,1636.775295,1080.315093,1065.317475,293.656587,204.415136,38.957089
33,1,-1,-1,1,1,2300000,25,1800000,24,1610612736 4406670000128,1736.855165,1725.992112,1118.769926,1119.618795,280.393161,239.297657,41.058979
34,1,1,1,-1,1,2300000,25,1800000,24,8589934592 4399690678272,1773.928227,1735.576572,1193.986406,1176.060715,292.004089,204.359912,38.072626
35,-1,1,1,-1,-1,2300000,25,1800000,24,4406670000128 1610612736,1711.812134,1682.899524,1128.166138,1119.825427,290.309383,203.423950,38.362496
36,-1,1,-1,-1,-1,2300000,25,1800000,24,4407743741952 536870912,1653.094697,1615.932431,1041.356787,1024.436747,302.164641,211.493775,40.327633
37,-1,-1,1,-1,1,2300000,25,1800000,24,9160359936 4399120252928,1700.238495,1674.146774,1082.671617,1076.490555,299.235355,211.500400,40.796444
38,-1,-1,1,1,-1,2300000,25,1800000,24,4398616936448 9663676416,1713.713879,1702.109514,1127.362229,1125.887863,264.796172,228.093006,38.964776
39,1,1,-1,-1,1,2300000,25,1800000,24,9663676416 4398616936448,1666.466923,1631.643691,1075.468458,1059.917969,293.581493,205.825608,38.938948
40,1,1,1,-1,-1,2300000,25,1800000,24,4406636445696 1644167168,1708.952205,1695.947677,1153.686463,1152.670393,260.572647,221.462594,36.716054
41,1,-1,1,1,-1,2300000,25,1800000,24,4398583382016 9697230848,1850.773805,1810.260481,1241.202009,1221.472503,300.221941,208.378416,40.127799
42,-1,1,1,1,-1,2300000,25,1800000,24,4398080065536 10200547328,1764.477417,1728.044952,1194.509673,1178.267409,285.142517,197.345365,37.472556
43,-1,-1,-1,1,-1,2300000,25,1800000,24,4399690678272 8589934592,1582.607453,1550.572787,989.364608,975.999666,280.427335,196.828479,39.276483
44,-1,-1,1,1,1,2300000,25,1800000,24,570425344 4407710187520,1758.279819,1722.642731,1145.040452,1128.555281,289.744159,205.299744,40.590523
45,-1,-1,1,-1,-1,2300000,25,1800000,24,4407206871040 1073741824,1684.293745,1678.188063,1072.544095,1078.307327,277.312560,230.183459,40.691179
46,1,-1,-1,-1,-1,2300000,25,1800000,24,4408247058432 33554432,1654.935866,1606.922881,1031.084431,1002.760848,294.043552,209.841384,41.315415
47,1,-1,1,-1,-1,2300000,25,1800000,24,4407173316608 1107296256,1773.276262,1739.584442,1153.274229,1139.679814,304.954970,217.573087,40.878194
48,1,1,1,1,-1,2300000,25,1800000,24,4398046511104 10234101760,2137.102068,2101.054584,1427.577442,1411.860534,308.245952,225.156721,47.239118
49,-1,1,-1,1,1,2300000,25,1800000,24,1107296256 4407173316608,1660.397979,1619.955365,1079.110645,1057.475893,283.440703,201.445175,38.381970
50,1,-1,1,-1,1,2300000,25,1800000,24,9126805504 4399153807360,1787.840900,1758.516645,1163.067169,1154.264462,306.906250,218.538252,41.154490
51,-1,1,1,1,1,2300000,25,1800000,24,33554432 4408247058432,1788.996417,1747.396788,1199.720089,1177.216277,282.399581,202.214948,38.876539
52,1,1,-1,-1,-1,2300000,25,1800000,24,4407710187520 570425344,1679.939842,1637.101384,1087.846360,1064.901581,293.783189,207.837759,38.978501
53,1,-1,-1,1,-1,2300000,25,1800000,24,4399657123840 8623489024,1707.848039,1687.269974,1107.961155,1097.988088,270.177887,239.355212,39.879886
54,-1,1,-1,-1,1,2300000,25,1800000,24,9697230848 4398583382016,1623.003434,1589.841642,1023.997450,1009.824962,295.033311,209.003189,39.549025
55,-1,-1,-1,1,1,2300000,25,1800000,24,1644167168 4406636445696,1635.083435,1605.062611,1025.692034,1014.988199,290.016573,207.611906,40.354694
56,1,-1,1,1,1,2300000,25,1800000,24,536870912 4407743741952,1782.363373,1743.038344,1195.784255,1175.795566,286.655331,203.489824,38.674282
57,1,1,-1,1,-1,2300000,25,1800000,24,4399120252928 9160359936,1714.878316,1652.807297,1146.390914,1104.239993,280.319993,196.684131,37.396525
58,-1,-1,-1,-1,-1,2300000,25,1800000,24,4408280612864 0,1552.311354,1526.703066,941.285340,934.748184,288.637419,205.674745,40.471966
59,-1,1,1,-1,1,2300000,25,1800000,24,8623489024 4399657123840,1730.896854,1704.121646,1136.179792,1128.454605,297.829575,209.385331,39.225767
60,-1,-1,-1,-1,1,2300000,25,1800000,24,10234101760 4398046511104,1552.099032,1538.277361,935.240482,939.771883,287.355346,204.889684,40.975079
61,1,1,1,1,1,2300000,25,1800000,24,0 4408280612864,1805.270246,1769.055376,1245.608550,1229.393007,283.258390,196.165590,36.741298
62,-1,1,-1,1,-1,2300000,25,1800000,24,4399153807360 9126805504,1716.868455,1677.546023,1114.217972,1094.759765,294.139591,207.413316,39.719931
63,1,1,-1,1,1,2300000,25,1800000,24,1073741824 4407206871040,1690.261856,1649.892428,1120.788866,1100.055008,278.959167,195.673860,37.510529
64,1,-1,-1,-1,1,2300000,25,1800000,24,10200547328 4398080065536,1605.482587,1613.588912,998.502504,1018.139190,269.695083,228.534252,40.423693
65,-1,-1,-1,-1,-1,2300000,25,1800000,24,4408280612864 0,1547.278154,1523.196916,938.890182,933.260013,289.253739,205.898514,40.340044
66,-1,1,1,1,-1,2300000,25,1800000,24,4398080065536 10200547328,1777.205414,1744.328994,1203.379855,1189.857639,288.804765,202.844516,37.749287
67,-1,1,-1,1,1,2300000,25,1800000,24,1107296256 4407173316608,1776.300493,1761.442322,1153.529754,1153.385405,289.916995,234.615498,41.247177
68,1,-1,-1,1,-1,2300000,25,1800000,24,4399657123840 8623489024,1679.869793,1678.424025,1075.610076,1086.921772,270.869998,225.729993,40.195329
69,-1,-1,-1,-1,1,2300000,25,1800000,24,10234101760 4398046511104,1573.667375,1584.178851,957.848555,978.418806,277.719636,241.500073,41.030745
70,-1,1,1,-1,1,2300000,25,1800000,24,8623489024 4399657123840,1652.633561,1623.563873,1085.672026,1074.913560,273.661253,190.769215,37.491827
71,-1,-1,-1,1,1,2300000,25,1800000,24,1644167168 4406636445696,1633.025607,1597.718720,1024.558148,1007.720059,288.359068,206.138183,40.323379
72,-1,1,-1,-1,-1,2300000,25,1800000,24,4407743741952 536870912,1754.751819,1790.495437,1088.852600,1141.384798,305.804711,235.133268,44.302846
73,-1,-1,1,-1,-1,2300000,25,1800000,24,4407206871040 1073741824,1634.835607,1635.120162,1042.727019,1053.661897,268.395489,229.968671,39.395825
74,1,1,-1,1,-1,2300000,25,1800000,24,4399120252928 9160359936,1791.556534,1742.817996,1189.787278,1161.097367,299.250153,211.089935,39.646864
75,-1,1,1,-1,-1,2300000,25,1800000,24,4406670000128 1610612736,1793.574050,1750.568758,1184.709045,1162.141481,308.690962,218.214596,40.018769
76,-1,-1,1,1,1,2300000,25,1800000,24,570425344 4407710187520,1764.991134,1757.416763,1161.119461,1164.564192,276.595185,237.678179,40.078723
77,1,-1,-1,-1,1,2300000,25,1800000,24,10200547328 4398080065536,1676.412539,1684.012523,1036.364077,1058.073377,288.722506,233.432234,42.584051
78,-1,1,-1,1,-1,2300000,25,1800000,24,4399153807360 9126805504,1661.019838,1613.406827,1080.711605,1051.495561,282.018019,199.765336,38.357709
79,1,-1,1,-1,-1,2300000,25,1800000,24,4407173316608 1107296256,1741.094085,1709.756027,1137.129135,1125.882127,291.869629,208.644426,39.847453
80,-1,1,-1,-1,1,2300000,25,1800000,24,9697230848 4398583382016,1633.339476,1610.265308,1027.260862,1023.498322,297.249602,210.348316,40.006554
81,1,-1,-1,1,1,2300000,25,1800000,24,1610612736 4406670000128,1766.392717,1769.199642,1132.497683,1148.767058,286.976653,237.633378,42.119356
82,1,1,-1,-1,1,2300000,25,1800000,24,9663676416 4398616936448,1676.932706,1634.388094,1082.982773,1059.580144,292.154433,207.072599,39.181110
83,-1,-1,1,1,-1,2300000,25,1800000,24,4398616936448 9663676416,1792.977370,1766.784929,1175.517167,1167.908291,298.998014,216.348585,40.808556
84,1,1,1,1,-1,2300000,25,1800000,24,4398046511104 10234101760,1755.332882,1719.404921,1210.651051,1193.276309,270.329393,191.074875,35.807721
85,1,1,1,-1,-1,2300000,25,1800000,24,4406636445696 1644167168,1792.256044,1766.284559,1201.213887,1196.139558,300.281906,211.478898,38.770858
86,1,1,-1,1,1,2300000,25,1800000,24,1073741824 4407206871040,1900.710906,1830.735884,1233.937588,1185.279510,310.505111,220.891986,44.141009
87,-1,-1,1,-1,1,2300000,25,1800000,24,9160359936 4399120252928,1703.226256,1685.693099,1084.852399,1086.486480,298.497530,214.033066,40.861152
88,1,-1,1,-1,1,2300000,25,1800000,24,9126805504 4399153807360,1737.264420,1710.764951,1126.514008,1118.681579,289.153808,208.504083,40.408275
89,1,-1,-1,-1,-1,2300000,25,1800000,24,4408247058432 33554432,1684.392954,1648.951900,1051.947720,1036.460983,306.481781,218.732782,41.812928
90,-1,-1,-1,1,-1,2300000,25,1800000,24,4399690678272 8589934592,1732.876496,1699.057833,1088.235002,1074.239061,307.807859,220.740538,42.694549
91,1,-1,1,1,1,2300000,25,1800000,24,536870912 4407743741952,1765.602188,1741.109114,1178.704453,1172.486373,283.441494,202.245546,38.779421
92,1,1,1,-1,1,2300000,25,1800000,24,8589934592 4399690678272,1768.568760,1741.548006,1188.745119,1182.163363,293.599042,204.792924,38.078645
93,-1,1,1,1,1,2300000,25,1800000,24,33554432 4408247058432,1883.438706,1846.261898,1278.751949,1262.225891,303.690780,217.348361,39.707042
94,1,-1,1,1,-1,2300000,25,1800000,24,4398583382016 9697230848,1829.734252,1819.250807,1226.968185,1230.997314,277.643780,229.772872,39.867496
95,1,1,1,1,1,2300000,25,1800000,24,0 4408280612864,2440.123065,2276.097320,1630.254216,1490.471755,347.454604,253.419907,53.906585
96,1,1,-1,-1,-1,2300000,25,1800000,24,4407710187520 570425344,1656.165878,1617.326261,1071.596831,1052.612548,287.956056,203.412292,38.499365
97,-1,-1,1,1,-1,2300000,25,1800000,24,4398616936448 9663676416,1815.417132,1785.826921,1195.126710,1185.584641,304.066925,218.641146,40.873779
98,-1,-1,-1,1,-1,2300000,25,1800000,24,4399690678272 8589934592,1675.894759,1637.565339,1050.374985,1031.634722,293.921019,210.143326,41.469351
99,1,-1,1,1,-1,2300000,25,1800000,24,4398583382016 9697230848,1841.257656,1784.135530,1237.952557,1200.849664,291.935687,207.382795,39.759806
100,1,-1,-1,-1,-1,2300000,25,1800000,24,4408247058432 33554432,1675.969208,1675.148451,1045.531694,1057.793183,287.874403,240.485212,41.909600
101,1,1,1,1,-1,2300000,25,1800000,24,4398046511104 10234101760,1822.539137,1807.564240,1259.809357,1257.283858,268.787992,222.784180,37.164736
102,-1,-1,-1,-1,1,2300000,25,1800000,24,10234101760 4398046511104,1546.446991,1526.651062,939.554075,938.177857,289.141007,206.022841,40.234785
103,1,1,-1,-1,-1,2300000,25,1800000,24,4407710187520 570425344,1692.559795,1650.169341,1095.256940,1071.842300,297.675093,212.098006,39.398620
104,-1,1,-1,-1,1,2300000,25,1800000,24,9697230848 4398583382016,1621.955489,1621.352707,1020.003310,1030.297443,276.353443,239.239350,40.056309
105,-1,1,1,-1,1,2300000,25,1800000,24,8623489024 4399657123840,1651.340271,1625.941805,1089.828306,1083.178893,276.128146,195.343888,37.045765
106,-1,1,1,1,1,2300000,25,1800000,24,33554432 4408247058432,1758.409971,1718.147370,1191.297516,1169.549652,279.486955,200.637724,37.367797
107,-1,-1,1,1,1,2300000,25,1800000,24,570425344 4407710187520,1687.633435,1657.690761,1106.956084,1094.966218,277.168381,198.808351,38.425798
108,1,-1,-1,1,1,2300000,25,1800000,24,1610612736 4406670000128,1715.833019,1678.153030,1102.810865,1084.067842,292.998424,208.392991,40.575389
109,-1,-1,1,-1,1,2300000,25,1800000,24,9160359936 4399120252928,1622.829873,1598.227523,1037.639205,1031.022983,278.803132,200.519958,38.747822
110,1,1,1,1,1,2300000,25,1800000,24,0 4408280612864,1840.969632,1779.140777,1256.525280,1214.138683,282.559238,201.300594,38.535113
111,1,1,1,-1,1,2300000,25,1800000,24,8589934592 4399690678272,1745.966190,1700.410309,1180.220155,1154.572175,283.722797,198.704913,37.179143
112,1,1,-1,1,1,2300000,25,1800000,24,1073741824 4407206871040,1750.822328,1708.120095,1157.595656,1134.212189,288.726472,204.639693,39.134239
113,1,1,1,-1,-1,2300000,25,1800000,24,4406636445696 1644167168,1793.485353,1759.175993,1206.058427,1191.952336,298.721268,207.094867,38.594276
114,-1,1,-1,1,-1,2300000,25,1800000,24,4399153807360 9126805504,1740.271624,1702.918242,1136.155306,1118.676803,300.215510,214.316770,39.767459
115,-1,-1,1,-1,-1,2300000,25,1800000,24,4407206871040 1073741824,1702.926192,1669.925939,1090.791449,1077.864635,296.463255,208.662488,40.392465
116,-1,-1,-1,1,1,2300000,25,1800000,24,1644167168 4406636445696,1717.510956,1716.529268,1085.303221,1097.056563,290.137705,239.761350,42.013800
117,1,-1,1,1,1,2300000,25,1800000,24,536870912 4407743741952,1792.716551,1748.457106,1197.597856,1173.001127,283.147567,202.786608,39.304899
118,-1,1,1,1,-1,2300000,25,1800000,24,4398080065536 10200547328,1779.407546,1741.879596,1203.742187,1186.080018,285.815066,199.026124,37.880619
119,1,-1,1,-1,-1,2300000,25,1800000,24,4407173316608 1107296256,1867.291629,1794.612000,1227.447768,1176.036635,306.686906,218.790298,42.236992
120,-1,1,1,-1,-1,2300000,25,1800000,24,4406670000128 1610612736,1688.308532,1657.437285,1112.807265,1101.256345,285.031065,198.594940,37.929971
121,1,-1,1,-1,1,2300000,25,1800000,24,9126805504 4399153807360,1789.246687,1757.700960,1159.976529,1149.278473,303.363831,215.019850,41.518857
122,-1,1,-1,-1,-1,2300000,25,1800000,24,4407743741952 536870912,1676.726790,1674.642959,1047.938175,1060.395586,289.955997,235.466231,41.767366
123,1,1,-1,1,-1,2300000,25,1800000,24,4399120252928 9160359936,1777.612918,1727.220034,1183.056775,1152.413513,294.123026,207.631641,39.199919
124,1,-1,-1,1,-1,2300000,25,1800000,24,4399657123840 8623489024,1749.460784,1712.683559,1127.757063,1110.481158,298.978671,216.191907,41.060778
125,-1,1,-1,1,1,2300000,25,1800000,24,1107296256 4407173316608,1700.553576,1653.890852,1106.090974,1078.513560,288.930450,203.783706,39.305839
126,1,1,-1,-1,1,2300000,25,1800000,24,9663676416 4398616936448,1715.750382,1672.523729,1104.535030,1081.309664,299.908464,212.064848,40.327612
127,1,-1,-1,-1,1,2300000,25,1800000,24,10200547328 4398080065536,1617.741987,1578.367279,1009.133868,988.841887,290.597427,205.053495,40.323752
128,-1,-1,-1,-1,-1,2300000,25,1800000,24,4408280612864 0,1611.462771,1581.002918,972.594575,960.946651,297.923645,215.627276,42.442717
129,-1,-1,1,1,1,2300000,25,1800000,24,570425344 4407710187520,1782.414919,1742.135544,1174.038056,1152.380020,292.688336,214.183227,40.224940
130,-1,-1,-1,-1,1,2300000,25,1800000,24,10234101760 4398046511104,1613.677091,1590.214784,977.986142,974.208833,302.693746,217.460710,42.149185
131,1,1,-1,-1,-1,2300000,25,1800000,24,4407710187520 570425344,1660.158765,1620.454221,1072.121290,1052.005674,292.223453,204.707109,38.786697
132,-1,-1,1,-1,-1,2300000,25,1800000,24,4407206871040 1073741824,1676.977994,1657.079650,1069.151475,1068.498297,294.121233,209.659774,40.184932
133,-1,1,1,-1,1,2300000,25,1800000,24,8623489024 4399657123840,1753.018494,1706.729433,1160.095884,1133.961364,299.056899,210.684314,39.017630
134,-1,1,1,1,-1,2300000,25,1800000,24,4398080065536 10200547328,1813.942182,1776.843747,1217.567291,1200.552792,293.020680,205.524153,39.298194
135,1,1,1,-1,-1,2300000,25,1800000,24,4406636445696 1644167168,1740.742830,1717.417553,1168.549134,1165.110277,285.079580,201.389100,37.596732
136,-1,1,-1,1,-1,2300000,25,1800000,24,4399153807360 9126805504,1804.493925,1769.106783,1176.303023,1161.498992,310.362790,223.269503,41.368614
137,1,1,1,1,-1,2300000,25,1800000,24,4398046511104 10234101760,1940.799194,1895.355804,1340.687365,1317.184783,307.631551,215.753780,39.297492
138,-1,-1,1,1,-1,2300000,25,1800000,24,4398616936448 9663676416,1680.465778,1673.638933,1102.846356,1106.040785,257.965205,226.363155,38.391283
139,1,1,-1,1,-1,2300000,25,1800000,24,4399120252928 9160359936,1807.227877,1754.695465,1200.165608,1167.482333,297.195555,212.587098,39.991663
140,-1,-1,-1,-1,-1,2300000,25,1800000,24,4408280612864 0,1635.741774,1603.593201,992.619031,980.152742,306.728848,218.356891,42.584385
141,1,1,-1,1,1,2300000,25,1800000,24,1073741824 4407206871040,1782.714020,1770.218859,1187.910429,1188.330398,279.770247,231.357150,39.381321
142,1,-1,1,1,1,2300000,25,1800000,24,536870912 4407743741952,1882.670213,1850.383595,1258.408673,1247.312683,302.983749,213.047058,41.116047
143,-1,1,1,1,1,2300000,25,1800000,24,33554432 4408247058432,1734.030774,1695.837938,1170.084871,1151.000658,275.664128,193.680316,37.149649
144,-1,-1,-1,1,-1,2300000,25,1800000,24,4399690678272 8589934592,1721.422198,1689.293716,1087.055407,1074.993161,304.393390,218.651236,41.870165
145,1,1,1,-1,1,2300000,25,1800000,24,8589934592 4399690678272,1758.866535,1729.601959,1179.091396,1169.711944,287.013960,203.117174,38.128836
146,1,-1,1,1,-1,2300000,25,1800000,24,4398583382016 9697230848,1825.494645,1817.241482,1219.591675,1224.516571,276.856614,231.935894,40.128953
147,-1,1,1,-1,-1,2300000,25,1800000,24,4406670000128 1610612736,1666.986232,1664.030562,1101.733520,1109.553529,262.232267,227.050600,37.437273
148,-1,-1,1,-1,1,2300000,25,1800000,24,9160359936 4399120252928,1712.482758,1681.388871,1096.676835,1085.041653,298.161560,212.811291,40.634437
149,1,-1,1,-1,-1,2300000,25,1800000,24,4407173316608 1107296256,1746.471407,1724.119998,1134.805789,1134.753789,296.815199,206.293534,40.196694
150,1,-1,-1,1,-1,2300000,25,1800000,24,4399657123840 8623489024,1646.134679,1613.584048,1055.375870,1041.558823,281.711957,198.687010,39.090433
151,-1,1,-1,1,1,2300000,25,1800000,24,1107296256 4407173316608,1715.899767,1671.253145,1117.381760,1092.125775,293.498082,208.412429,39.509426
152,1,-1,1,-1,1,2300000,25,1800000,24,9126805504 4399153807360,1793.316956,1785.891492,1168.613586,1172.922513,289.170927,249.775103,41.407107
153,-1,1,-1,-1,-1,2300000,25,1800000,24,4407743741952 536870912,1606.108156,1578.249892,1012.049179,1001.938723,290.422120,206.844438,39.292181
154,1,-1,-1,-1,1,2300000,25,1800000,24,10200547328 4398080065536,1660.259566,1626.806762,1028.649755,1014.457515,298.629973,211.872969,41.871625
155,-1,1,-1,-1,1,2300000,25,1800000,24,9697230848 4398583382016,1585.388170,1591.938872,991.666886,1010.279999,268.712673,221.269818,39.567111
156,1,1,-1,-1,1,2300000,25,1800000,24,9663676416 4398616936448,1691.599521,1688.401858,1089.424637,1099.695829,282.219881,226.729278,39.962878
157,1,-1,-1,1,1,2300000,25,1800000,24,1610612736 4406670000128,1730.022339,1697.967743,1111.629150,1099.081392,297.274228,210.594311,40.873010
158,1,-1,-1,-1,-1,2300000,25,1800000,24,4408247058432 33554432,1656.465530,1628.277161,1029.988588,1020.743610,299.136293,216.008759,41.441005
159,1,1,1,1,1,2300000,25,1800000,24,0 4408280612864,1834.975993,1790.979189,1266.569015,1242.759827,286.932466,198.909580,37.311476
160,-1,-1,-1,1,1,2300000,25,1800000,24,1644167168 4406636445696,1658.724111,1652.563444,1038.474202,1043.388105,272.917083,233.442625,41.360492
